sūlūde	s~u~l~+u~d~-i
ḫužušta	ḫ~ō~ž~-~o~ž-d-~a
alubadinaža	a~l~+o+~b~a~d~e-~n~a-a~ž-~a
ḫīria	ḫ~ī~r~i-i-~a
tažulūwa	t~a~ž~-o~l~-~u-~a
ābi	ā~b-~i
šummundidum	š~u~m~m~u~n-~d-~i~d~-o=~m
iškinna	i~š~k-~i=~n~n~a
āġaštetta	aʾ~-~a~š~t-~e~d~-d-~a
idibuda	i~d~i~-~v-o~d~a
ammummi	a~m~m+~u+~m~m~i
ulōštel	o~l~-~o~-~ež=di~l
saḫḫā	s~a~ḫ~ḫ~i-a
šena	š~e~n~a
nešša	n~e~š~ši-~a
kiligileštum	k~e~l~i+~g~e~l~-i~š~t~-o-~m
talmuššini	t~a~l~m~o~š~š~e-~n~e
ḫavōrunnišša	ḫ~a~v~o~r~+~ni-~n~e~-~ž=nn~a
šuinež	š~u~i-~n~e-~ž
šara	š~ā~ri-~a
tamrīl	t~a~m~r~i-i=~l
painibanel	p~a~i~n~i~-v-~a~n~e=~l
fondurunnenna	f~o~n~d~u~r~+o+~ni-~n~e-e=~n~n~a
magaldiniba	m~a~g~a~l~d~i-~n~e~-v~a
šūrōm	š~ū~r~-o-~m
pindaianni	p~i~n~d~a~i~a~+~n~i-ne
uštae	o~š~t-i-~a~i
nakkiōffuž	n~a~k~k-~i~-u~f~f~u-~ž
sāzallaž	s~ā~z~a~l~l~a-~ž
šavallāži	š~a~v~~l~i~-na-a~ž~-ve
ḫerāġi	ḫ~e~r~a~ġ~i
ammen	a~m~m-i-~e~n
šenzūwatta	š~e~n+~z+~ū~wi-~a=~t~t~a
nabarbinida	n~a~b~a~r~b~i-~n~e-~d~a
pudulināi	f~u~d-~u~l-~i~n~-~i-ai
avena	a~v~e-~n~a
kargāni	k~a~r~g+~ā+~n~i
tālinēda	t~ā~l~e-~n~e-~d~a
abiššā	a~v~e~-~ž~=nna
tunivadai	t~o~n-~i-~v~a~de-~a~e
pirida	p~i~r~i-~d~a
tabakka	t~a~b~a~k~ki-~a
uenaval	u~e~n~a~w~a-ž=~l
nēra	n~ē~r-~a
pārirunni	p~ā~r+~i+~r~+~o+~n~i-ne
inutta	i~n~u=~t~t~a
šagarēlla	š~a~g+~a~r~+i-i=~l~l~a
tagi	t~a~g~i
kināe	k~i~n~i-a~e
šōġaššini	š~ō~ġ+~a+~š~š~e-~n~e
fandin	f~a~n~d~i+~n
ašḫuwe	ā~š~ḫ~o~+~e
sigaldi	s~i~g~a~l~d~i
azallin	a~z~a~l~~i-~ne-e=n
ārari	ā~r~a~r~i
tamginaž	t~a~m~g~i~n~a-~ž
nakki	n~a~k~k-~i
kammiššōri	k~a~m~m~i~š~š~ō~r~i
talaḫḫidu	t~a~l~+ā~ḫ~ḫ-~i~d~-o
nerēda	n~e~r~a-e-~d~a
naveda	n~a~v-~e~d-~a
tara	t~ā~r-~a
anammimma	a~n~a~m~m~i=~m~m~a
aruluššina	a~r~-o~l~-o-~š~š~e-~n~a
šīenāi	š~iy~e-~n~e~-ae
allāni	a~l~l~a+~n~i
alumma	a~l-~u~m~me-~a
itkašta	i~t~k-~a~š~t-~a
teššužum	t~e~š~š~-o~ž~-o-~m
tiba	t~i~bi-~a
tādittiniala	t~ā~d~i~t~t~i+~n~i-i-~a=~ll~a
neššēna	n~e~š~š~i-~n~a
šilāġi	š~i~l~ā~ġ~i
ōlbīni	o~l~v~i-~n~e-e
nawunnež	n~a~~u+~ni-~n~e-~ž
šērāmmi	š~ē~r~ā~m~m~i
ažia	a~ž-~i-~a
nēravi	n~e~r~a-~v~e
eža	e~že-~a
mānal	m~a~n-~a=~l
migummi	m~i~g-~u~m~m~e
ḫaulillāndu	ḫ~a~-o~l-~i~l~l~-a~n~d~-o
itkuštum	i~t~k-~u~š~t~-o-~m
idarrāi	i~d-~a~r~-~i-l-a~i
ižuštel	i~ž~-~o~-~ež=di~l
adaššene	a~d+~a+~š~š~e-~n~e-e
tūnāḫḫi	t~o~n~-a~ḫ~ḫ-~i
ulānōm	u~l+~ā~n~-o-~m
šellida	š~e~l~l~i-~d~a
iraden	e~r~a~d~e-~n
ūrmi	ū~r~m~i
tōġadib	t~ō~ġ-~a~d-~i-~b
kirġivi	k~i~r~ġ~e-~v~e
pullibāe	p~o~l~~i~-~n~e-ve-ae
šidarbul	š~i~d~a~r~b~u-ž=~l
pāġūma	p~ā~ġ~-u=~m~a
ōššužanna	ō~š~š~+o+~že-~a=~n~n~a
šūbīniva	š~u~b~i-~n~e-~v~a
kakkari	k~a~k~k~a~r~i
pižirri	p~i~ž~i~r~~i-ne
kišḫinin	k~e~š~ḫ~i-~n~e-~n
talmōġa	t~a~l~m~+~oḫḫe-~a
kaliani	k~ā~l~i-i-~a~n~e
fōrullažul	f~ō~r~o~l~i-n~a-a~ž~-ož=~l
tunōštum	t~o~n~-o~š~t~-o-~m
ḫiraġella	ḫ~i~r~a~ġ~e-i=~l~l~a
mēginež	m~ē~g~i-~n~e-~ž
ḫōžia	ḫ~ō~ž-~i-~a
aēššam	a~ē~š~ši-~a=~m
āšša	ā~š~ši-~a
ḫavōrunnini	ḫ~a~v~o~r~+~ni-~n~e-~n~e
tīda	t~ī~d-~a
āġrāilī	a~ġ~r~ā-~i-~l~e
šelluġulla	š~e~l~l~+o+~ġ~+~o+~li-n~a
šōruž	š~ō~r~-o-e~ž
āmmīnīn	ā~m~m~ī-~n~e-~n
tugrižōġa	t~u~g~r~i~ž+~ō+~ġe-~a
kīgi	k~ī~g~e
ušḫārīda	u~š~ḫ+~ā~r~+i-i-~d~a
tōmva	t~ō~m~v-~a
miržāl	m~i~r~ž~i-a=~l
kōlež	k~o~l-i-~e~ž
ḫavōrunnibi	ḫ~a~v~o~r~+~ni-~n~e~-~ve
eššaeni	e~š~š~a~e-~n~e
nubin	n~u~b~i-~n
pōriba	f~ō~r~i~-i-v~a
šebāra	š~e~b~-a~r-~a
piduffa	p~i~d+~u~f~f-~a
mala	m~a~l-~a
arduġiniž	a~r~d~+o+~ġ~e-~n~e-~ž
kādūlāīn	k~a~d~-o-~l~-~ai-~n
ēbriva	e~~r~i-i-~v~a
kippinež	k~i~p~p~i-~n~e-~ž
kulmuri	k~u~l~m~+o+~r~e
fonuġunna	f~o~n~u~ġ~+o+~ni-~n~a
ḫōruppi	ḫ~ō~r-~u~p~p-~i
tāma	t~a~mi-~a
emašše	e~m~a~n~+ž~e
ažiġi	a~ž+~i+~ġ~e
aramdōm	a~r-~a~m-~d~-o-~m
ḫuštenāža	ḫ~u~š~t~e-~n~a-a~ž-~a
sulūda	s~u~l~+u~d-~a
sibi	s~i~b-~i
tēni	t~ē+~n~i
pālī	p~ā~l~i
ūmmēġa	u~m~m~-e~ġ-~a
uwallinni	u~w+~a~l~l+~i+~n~n~i
mādi	m~ā~d-~i
kirarni	k~i~r+~a~ri+~n~i
faššara	f~a~š~š-~a~r-~a
aīmma	a~i=~m~m~a
mužuniba	m~u~ž~o~n~i~-v~a
šāġlēž	š~ā~ġ~l~i-e-~ž
udānab	u~d~-a~n-~a-~b
pišḫi	p~i~š~ḫ-~i
sumġar	s~u~m~ġ~a~r
šelužēda	š~e~l~+o+~ž~e-i-~d~a
itkulimašši	i~t~k+~u~l+~i+~m+~a+~š~š~e
kuliġiani	k~u~l+~i+~ġe-~i-~a~n~e
ēbrinnaža	ev~e~r~+~ni-~n~a-a~ž-~a
ḫīla	ḫ~i~li-~a
mini	m~i~n~i
mūžēdā	m~ū~ž~-e~d~-a
eda	i~di-~a
fāġōža	f~a~ġ~-o~ž-~a
fašši	f~a~š~š-~i
paššarugāra	p~a~š~š+~a~r+~u~g~ā~r+i-~a
šēġalumalla	š~e~ġ~a~l-~u~mme-~a=~l~l~a
eġlianaž	e~ġ~l~i+~a~n~a-~ž
šēra	š~ē~ri-~a
ḫāiži	ḫ~a-~i~ž-~i
šiašši	š~ī-~a-~š~š~e
sōbāra	s~ō~b~ā~ri-~a
sūwae	s~ū~ve-~a~e
targi	t~a~r~+~ġe
šēni	š~ē~n-~i
kāmmi	k~a~m~m~e
ḫōrāmi	ḫ~ō~r~-a~m-~i
selmi	s~e~l~m~i
tōġaduppu	t~ō~ġ-~a~d-~u~f~f~u
kižipsōvāe	k~i~ž~i~p~s~ō~v~a~e
agulla	a~g~u~l~i-n~a
kulužašši	k~u~l~-o~ž-~a-~š~š~e
passūwa	p~a~s~s~-~u-~a
tēġuššeni	t~ē~ġ~+o+~š~š~e-~n~e
kūliamma	k~u~l-~i-~a-~m~m~a
taġavure	t~a~ġ~a~v~+o+~r~e
nālli	n~ā~l~~i-ne
tazakkaštura	t~a~z~a~k~k~a~š~t~u~ri-~a
avarrašta	a~v~a~r~i-n~a~-~až-d~a
ežābēma	i~ž~a~-~ve=~m~a
fažamma	f~ā~ži-~a=~m~m~a
ḫōšti	ḫ~ō~š~t~i
egunniž	e~g~+o+~n~n~i-~ž
ištanīma	i~š~t~a~n~i-i=~m~a
šāladeni	š~ā~l~a~d~e-~n~e
ōšši	ō~š~š-~i
ḫārapḫāīb	ḫ~ā~r+~a~+~ġ~e~-~ve-ae=v
laġlaḫḫini	l~a~ġ~l~a~ḫ~ḫ~i-~n~e
uniġiž	u~n+~i+~ġe-~i-~ž
agiden	a~g-~i~d-~e~n
naḫḫa	n~a~ḫ~ḫ-~a
ḫuwe	ḫ~ō~-~i
kibe	k~e~v-~e
kirarnež	k~i~r+~a~ri+~n~i-i-~ž
širnib	š~ī~r+~n~i~-v
ḫālōli	ḫ~ā~l~ō~l~i
užōna	u~ž~-o~n-~a
ašḫužikkuninibi	ā~š~ḫ~+o~ž+~i+~k~k~+o+~nn~i-~n~e~-~ve
šeġala	š~e~ġ~a~l-~a
šikkinažan	š~i~k~k~i-~n~a-a~ž-~a=a~n
armimmi	a~r~m+~i+~m~m~i
šarra	š~a~r~ri-~a
iška	i~š~k-~a
tarriž	t~ā~r~~i-ne-~ž
ḫāžarri	ḫ~ā~ž+~a~r~r~i
ažānēdāw	a~ž~-a~n~-e~d~-a~w
tāgōri	t~ā~g+~ō+~r~e
egōna	e~g~-o~n-~a
šildanurum	š~i~l-~d-~a~n-~u~r~-o-~m
murrīe	m~u~r~r~i-i-~e
ulluġužibāe	o~l~l+~u~ġ~+o+~ž~e~-~v~e-ae
tapḫa	t~a~p~ḫi-~a
lullueneve	l~u~l~l~u~e-~n~e-~v~e
keššenīel	k~e~š~š~e-~n~~e-ž=~l
anziġiaž	a~n~z+~i+~ġe-~i-~a~ž
irde	i~r~d~e
ūrrugivuwi	ū~r~r~u~g~i~-iff~u~-~ve
mātta	m~ā~d~-d-~a
ḫōdenažāi	ḫ~ō~d~e-~n~a-a~ž~-~ve-ae
mānuž	m~a~n~u-~ž
taržuwannež	t~a~r~ž~u~w~a+~ni-~n~e-~ž
sōīb	s~ō~ī~-v
katkāi	k~a~t+~k~~i-ae
ḫapsurib	ḫ~a~p~s~ō~r~i~-v
šarra	š~a~r~r-~a
ḫōenēva	ḫ~ow~e+~n~i-e-~v~a
ḫōruppi	ḫ~ū~r~u~f~f~e
tāġa	t~ā~ġ-~a
kābarra	k~ā~b~a~r~i-n~a
nutkiġa	n~u~t~k+~i+~ġe-~a
āšḫōmainibinidal	ā~š~ḫ+~ō+~m+~a~i+~n~i~-~ve-~n~e-~d~a=~l
ḫinzurulāež	ḫ~i~n~z-~u~r~-o-~l~-~ai-~ž
šōlidu	š~ō~l-~i~d~-o
kēlġēdeni	k~ē~l~ġ~ē~d~i-~n~e
fōriffān	f~ō~r~i-i~f~f~e-a=a~n
anni	a~n~n~i
tīvollan	t~ī~v-~o=~l~l~a=a~n
amašteda	a~m-~a~š~t-~e~d-~a
sigaldi	s~i~g+~a~l-~d-~i
suruški	s~u~r+~u+~š~k~i
nirāe	n~e~r~i-a~e
kirētte	k~e~r~ē~t~t~e
ḫōmarida	ḫ~ō~m~a~r~i-~d~a
ḫinimma	ḫ~e~nn~i=~m~m~a
abin	a~v~i+~n
šūrūži	š~ū~r~ū~ž~e
šāžuda	š~o-a~ž~-o~d~a
kilūni	k~i~l~+ō~n-~i
sīgila	s~ī~g~i~li-~a
ennida	e~n~n~i-~d~a
awfa	au~w~i-~a
ābi	ā~b~i
ariamma	a~r-~i-~a-~m~m~a
iraden	i~r-~a~d-i-~e~n
šālabnira	š~ā~l~a~b+~n~i-i-~r~a
ḫēlištu	ḫ~ē~l-~i~š~t~-o
amīri	a~m~ī~r~i
ište	i~š~t~e
kirarinni	k~i~r+~a~r+~i+~n~n~i
itkidu	i~t~k-~i~d~-o
alubasḫini	a~l+~u+~b+~a+~s~ḫ~i-~n~e
ardūri	a~r~d~-u~r-~i
ḫalandi	ḫ~a~l~a~n~d~i
urūbi	u~r~ū~b~i
avāštum	a~v~-a~š~t~-o-~m
šūrnīma	š~ū~r~n~i-i=~m~a
tawti	t~a~u~d~i
anaḫḫužellae	a~n-~a~ḫ~ḫ~-o~ž~-i~l~l-i-~a~i
pāġana	p~ā~ġ~a~ni-~a
abin	a~v~i=~n
ḫāžimmie	ḫ~ā~ž~i+~m~m~i-~e
ārrida	ā~r~~i-ne-~d~a
šīna	š~ī+~ni-~a
ērni	ē~r~n~i
ḫīla	ḫ~i~l-~a
pizigarra	p~i~z~i~g~a~r~r~a
šālada	š~ā~l~a-~d~a
purrēnni	p~u~r+i+~r~ē+~n~n~i
erade	e~r~a~d~e
ḫassizi	ḫ~a~s~s~i~z~i
šōra	š~ō~r-~a
sablungi	s~a~b~l+~u~n~g+~i
ḫebad	ḫ~e~b~a~d
uššulēž	ō~š~š~-o-~l~-e~ž
ḫebattenažuž	ḫ~e~b~a~d~-v~e-~n~a-a~ž~-o~ž
ḫellidi	ḫ~i~l~l~-e~d-~i
āššōlāež	ā~š~š~-o-~l~-~ai-~ž
nikkal	n~i~k~k~a~l
šidōri	š~i~d+~ō+~r~i
fažūlima	f~a~ž~-u~l-~i=~m~a
irġāri	i~r~ġ~ā~r~i
kiraššulaēž	k~i~r+~a~š~š~-o-~l-~a~i-~ž
ḫaštalli	ḫ~a~š~t-~a~l~-~i-le
pārendūž	p~ā~r~-i~n~d~-o-e~ž
egužri	e~g~u~ž~r~i
igida	e~g~i-~d~a
pirugāra	p~i~r-~u~g~a~r-~a
ḫažari	ḫ~ā~ž+~a~r+~i
ubugarženi	u~b+~u~g~a~r+~ž~e-~n~e
ažōġiž	a~ž~ō~ġ~i-i-~ž
ubīn	ov~e~=~n
idedi	i~d-~e~d-~i
šēġa	š~ē~ġ~a
tābīw	t~a~b~-~i-o
arian	a~r-~i~-e~n
mādinaža	m~ā~d~i-~n~a-a~ž-~a
keššenišša	k~e~š~š~e-~n~e~-~ž=nn~a
ḫīžāri	ḫ~ī~ž+~ā~r+~i
pātte	p~a~t~t~e
ēḫḫa	ē~ḫ~ḫi-~a
uġni	o~ġ+~n~i
šēġan	š~ē~ġ~a-~n
tara	t~ā~ri-~a
taduġebābi	t~a~d~o~.ḫ~e~b~a~-~ve
ežuġnež	i~ž~u~ġ+~n~i-~ž
āpsukkuž	ā~p~s~u~k~k~i-o~ž
kilōlu	k~ē~l~-o~l~-o
ḫanniž	ḫ~a~ni-~n~e-~ž
ḫawsuġa	ḫ~a~u~z~+o+~ġe-~a
šukkuttattam	š~u~k~k+~u~t~ti-~a=~t~t~a=~m
ḫelda	ḫ~i~l~d-~a
murrāe	m~o~r~-~i~-l-ai
ālva	ā~l~v-~a
aġarrež	a~ġ~~r~i-n~e-~ž
naktib	n~a~k~t~i~-v
tōpšida	t~ō~p~š~-e~d-~a
teššub	t~e~š~š~o~b
ēmmanzeneva	e~~m~a~n~+ž~e-~n~e-~v~a
kumruḫḫāl	k~u~m~r~+o+~ḫ~ḫ~e-a=~l
aġarribi	a~ġ~~r~~i~-~ne-ve
nēbāži	n~ē~b+~ā+~ž~e
paruž	p~a~r~i-o~ž
ḫalminibi	ḫ~a~l+~m~i-~n~e~-~ve
pirrib	p~i~r~~i~-ne-e=v
tebušḫāi	t~i~v~+o+~š~ḫ~~i-ae
tivivudab	t~i~v~e-~v~-o~d~a~=m
kumdi	k~ū~m+~d~e
tēġulla	t~e~ġ-~u~l~l-~a
nakkidaššu	n~a~k~k~-e~d-~a~š~š~o
alummai	a~l~-~o+~m+~a~i
itkōlāi	i~t~k~-o-~l~-a~i
nudanzaġīvan	n~u~d~a~n+~z+~a+~ġ~e-i-~v~a=a~n
āššōribi	ā~š~š~ō~r~i~-~ve
pāži	f~ā~ž~i-i
eradāe	e~r~a~d~e-a~e
šinzamma	š~i~n+~ze-~a=~m~m~a
fenda	p~e~n~d-~a
sulōženie	s~u~l+~ō+~ž~e-~n~~e
aruwallāena	a~r~u~w~a~l~l~ā~e-~n~a
ari	a~r~i
pāžiba	f~ā~ž~i~-v~a
nīġriažīel	n~ī~ġ~r+~i+~a+~ž~~e-i=~l
kivori	k~e~v-~o-~r~e
awtuwi	a~~~u~dū~i
kubaġāe	k~u~b-~a~ġ~-~i-ai
sulgi	s~u~l+~g~i
šeġruž	š~e~ġ~r~i-o~ž
tāžae	t~a~že-~a~e
talavožināži	t~a~l~ā~v+~o+~ž~e-~n~a-a~ž~-ve
ummallidašše	u~m~m-~a~l~l~-e~d-~a-~š~š~e
fōrida	f~ō~r~i-~d~a
kanagitḫi	k~a~n~a~g~i~t~ḫ~e
urunnida	o~r~+o+~n~n~i-~d~a
sāžulōža	s~ā~z~-o~l~-o~ž-~a
šāli	š~ā~l~i
sēži	s~ē~ž~i
tāli	t~ā~l~e
kūlīna	k~u~l~i-~n~a
ārdenibina	a~r~d~e-~n~e~-~ve-~n~a
šōva	š~o~w~a
kažidabima	k~a~ž~i~d~a~b~i=~m~a
itkalzinivināžummin	i~t~k~a~l+~z~i-~n~e-~v~e-~n~a-a~ž~-ož=~m~m~a=a~n
ašḫunilla	a~š~ḫ~o-~n~e-e=~l~l~a
ārrivaž	a~~r-~i-l-e~v~a-~ž
nirida	n~e~r~i-~d~a
ideda	i~d~i-~d~a
nilōž	n~i~l~-o-e~ž
šidāra	š~i~d~-a~r-~a
ugulgul	u~g~u~l~g~-o=~l
uēkki	uw~ē~k~k~i
ažuri	a~ž~-o-~r~e
ažanub	a~ž-~a~n~-~o-m
alālae	a~l~ā~li-~a~e
ḫōrruštāw	ḫ~ō~r~r~-o~š~t~-a~w
urgina	u~r~g~i-~n~a
eguššulāež	e~g~+o+~š~š~-o-~l~-~ai-~ž
šēġaludiž	š~e~ġ~a~l-~u~d-~i-e~ž
itkalzinibinež	i~t~k~a~l+~z~i-~n~e~-~ve-~n~e-~ž
šurbigina	š~u~r~b~i~g~i-~n~a
kūgukku	k~ū~g~-o-~k~k~o
kula	k~u~li-~a
indannim	i~n~d+~a~+~n~i-ne-e=~m
aōl	a~ō=~l
itta	i~t~t-~a
ummallidašše	u~m~m+~a~l~l+~i~d+~a+~š~š~e
fažab	f~a~ž-~a-~b
mirulavāl	m~i~r+~u~l+~a~v~i-a=~l
fōri	f~ō~r~i
ḫibulēž	ḫ~i~b~-o-~l~-e~ž
šiminež	š~i~m~i-~n~e-~ž
enad	e~ni-~a=~d
kuruppa	k~u~r-~u~p~p-~a
ebāni	e~b~ā~n~i
ubūža	u~b~-o~ž-~a
umbōž	u~m~b~i-o~ž
šīġāi	š~ē~ġ~-~i-ai
tīvenniva	t~i~v~e~-~n~e-~v~a
uriu	u~r-~i~-o
šeġelza	š~e~ġ~e~l+~zi-~a
ḫūžia	ḫ~ū~ž~i-i-~a
kammaḫḫinež	k~a~m~m+~a+~ḫ~ḫ~e-~n~e-~ž
širadili	š~i~r+~a~d-~i-~l~e
šāišḫi	š~ā+~i+~š~ḫ~e
nāva	n~a~v-~a
īama	ī~a=~m~a
naveda	n~a~v~e-~d~a
māduwa	m~ā~d-~u~-~a
āšti	ā~š~te-~i
ōššōšti	ō~š~š~-o~š~t-~i
āšḫitḫini	ā~š~ḫ+~i+~t~ḫ~e-~n~e
tapšuržai	t~a~p~š+~u~r+~že-~a~e
inzarra	e~n+~z~a~r~i-n~a
nakkiwfošša	n~a~k~k-~i~-u~f~f~u~-ž=nn~a
ḫudidaw	ḫ~ō~d~-e~d-~a~w
ḫuwe	ḫ~o~w~e
ažuġiniva	a~ž~+o~ġ~i-~n~e-~ve-~a
ištuma	i~š~t~u~mi-~a
šēalidin	š~ē-~a~l-~i~d~-e~n
amissaduž	a~m~i~s~s~a~d~u-~ž
muwiri	m~ū~+~i+~r~e
pāžib	f~ā~ž~i~-v
kulmōrrin	k~u~l~m~ō~r~~i-~ne-n
šidarni	š~i~d+~a~r+~n~i
tālāḫḫīb	t~a~l+~ā~ḫ~ḫ~-i-~b
talabōžinažuž	t~a~l~ā~v~+o+~ž~e-~n~a-a~ž~-o~ž
šumunnež	š~u~m~~ni-~n~e-~ž
težuġarġida	t~e~ž+~u~ġ+~a~r+~ġ~e-~d~a
ebirna	e~v~e~r+~ni-~a
tēa	t~iye-e-~a
nāuffa	n~ā-~u~f~f-~a
šummīda	š~u~m~m~i-i-~d~a
ḫōidu	ḫ~ō-~i~d~-o
ēbrināžōnna	ev~e~r+n~i-~n~a-a~ž~-o~n~n~a
nūwarrīvan	n~ū~v+~a~r~+~i-ne-~v~a=a~n
futkiž	f~u~t+~k~i-i-~ž
nakkidūwa	n~a~k~k~-e~d~-~u-~a
idenni	i~d~e~n~n~i
fārie	f~ā~r~i-~e
ḫāra	ḫ~ā~r-~a
ōllini	ō~l~l~i-~n~e
ōġni	ō~ġ+~n~i
tarallibi	t~a~r~a~l~~i~-~ne-ve
tāġa	t~ā~ġe-~a
puġuiridama	p~u~ġ~u~i~r~i-~d~a=~m~a
nōvarēm	n~ō~v+~a~r+~ē=~m
šindižūwad	š~i~n~d~i+~ž+~ū~wi-~a=~d
suppini	s~u~p~p~i-~n~e
ḫara	ḫ~ā~ri-~a
kēnnādal	k~ē~n~n+~ā~r+i-~a=~l
magaldinibād	m~a~g~a~l~d~i-~n~e~-~va=~d
kamveda	k~a~m~v~-i-~d-~a
ḫaštalli	ḫ~a~š~t+~a~l~+~i-ne
tabiribuwi	t~a~b+~i+~re-~i~ff~u~-~ve
šeġla	š~e~ġ~li-~a
šōraššella	š~ō~r+~a+~š~š~e=~l~l~a
ižīma	i~ž~-i=~m~a
fōrīman	f~o~r~-i=~m=~a~n
mandukkaella	m~a~n~d~u~k~ki-~a~e=~l~l~a
kakkara	k~a~k~k~a~ri-~a
āššaniba	ā~š~š-~a~n-~i~-ev~a
udipšarran	u~d~i~p.~š~a~r~r~a-a=a~n
tānumāgāi	t~ā~n~u~m~ā~g~~i-ae
ḫōbrib	ḫ~ō~b~r~i~-v
paššiġiani	p~a~š~š+~i+~ġe-~i-~a~n~e
tīdida	t~i~d~i-~d~a
māli	m~a~l~i
fāžīva	f~ā~ž~i-i-~v~a
tubinažuž	t~ō~b~i-~n~a-a~ž~-o~ž
tažmežarri	t~a~ž~m~i~.š~a~r~r~i
univia	u~n~i~v~i-i-~a
pendidu	p~e~n~d-~i~d~-o
tūrīn	t~ū~r~i-~n
agōži	a~g~-o~ž-~i
sanzāmi	s~a~n~z~ā~m~i
ḫažimma	ḫ~a~ž-~i~+~m+~ai
eġlibinibina	e~ġ~l~i~-~ve-~n~e~-~ve-~n~a
karapteda	k~a~r+~a~p~t-~e~d-~a
igina	i~g~i-~n~a
ānzamma	a~n~zi-~a=~m~m~a
tōbāe	t~ō~b~i-a~e
negri	n~e~g~r~i
ḫōrražalla	ḫ~ō~r~i-n~a-a~ž-~a=~l~l~a
fūru	f~ū~r-~u
enitḫarra	e~n+~i+~t~ḫ+~a~r~+i-n~a
inġara	i~n~ġ+~a~r+i-~a
itkulundašši	i~t~k~-o~l-~u-~n~d-~a-~š~š~e
ežuġni	i~ž~u~ġ+~n~i
lablaḫḫinež	l~a~b~l~a+~ḫ~ḫ~e-~n~e-~ž
pāžannel	f~ā~ž~a~ni-~n~e-e=~l
igingališḫenāma	i~g~i~n~g~a~l~i~š~-ġ~e-~n~a=~m~a
šiurivain	š~i-~u~r-~i-~v~a~-e~n
tīa	t~iye-i-~a
šāvālli	š~a~v~~l~~i-ne
tevena	t~i~v~e-~n~a
šōi	š~ō-~i
itkinduž	i~t~k-~i~n~d~-o-e~ž
nuladenež	n~u~l+~a~d~e-~n~e-~ž
sōbinēra	s~ō~v~e-~n~e-~r~a
taġēnivāl	t~ā~ġ~e-~n~e-~v~a=~l
tābužudam	t~a~b~-o~ž-~u~d-~a=~m
uria	u~r~e-~a
šummini	š~u~m~m~i-~n~e
ažōġiž	a~ž~-o~ġ-~i-e~ž
nabarbi	n~a~b~a~r~b~i
ḫōrvāde	ḫ~ō~r~v+~ā~d~e
ḫōmari	ḫ~ō~m~a~r~i
ḫižarduġullēbi	ḫ~i~ž+~a~r+~d~+o+~ġ~+~o+~l~i~-~ne-ve
eġlibi	e~ġ~l~i~-~ve
agum	a~g~-o-~m
šurbēgi	š~u~r~b~ē~g~i
nāžarni	n~ā~ž+~a~r+~n~i
tāžini	t~ā~ž~e-~n~e
ittilāe	i~t~t-~i-~l~-~ai
ḫōpšineva	ḫ~ō~p~š~i-~n~e-~v~a
ōllini	o~~l~i-~n~e-ne
šurba	š~u~r~b-~a
alzialli	ā~l~ž~ī~ā~l~l~i
ḫēġōži	ḫ~ē~ġ+~ō+~ž~e
tadireškinibāe	t~a~d+~i~r+~e+~š~k~i-~n~e~-~v~e-ae
faššara	f~a~š~š+~a~r+i-~a
ḫōdellurražuž	ḫ~ō~d~e~l~l~o~r~i-n~a-a~ž~-o~ž
mužunniba	m~u~ž~o~ni-~n~e~-v~a
ašḫōnan	a~š~ḫ~o-~n=~a~n
tālina	t~ā~l~e-~n~a
ḫavorunnima	ḫ~a~v~o~r~+~ni-~n~e-e=~m~a
tapšāġina	t~a~p~š+~ā~ġ+~i-~n~a
kalgamižul	k~a~l~g~a~m~i~ž~-ož=~l
fāžuž	f~a~ž~-o-e~ž
težuġarġi	t~e~ž+~u~ġ+~a~r+~ġ~e
ārdima	a~r~d~e=~m~a
šōvaib	š~o~w~a~-~ae=v
šuġunnež	š~ō~ġ~o~ni-~n~e-~ž
šīedi	š~ī-~e~d-~i
teššōbaž	t~e~š~š~o~b-~a~ž
ḫīdam	ḫ~ī~d~a~m
tadugarāe	t~a~d+~u~g~a~r~+i-a~e
uzi	u~z~i
nūduža	n~ū~d~+o+~že-~a
kikkunima	k~i~k~k~+o+~n~i=~m~a
ūmmumaššiniva	ū~m~m+~u~m+~a+~š~š~e-~n~e-~v~a
arāgi	a~r~ā~g~i
šeġalamma	š~e~ġ~a~li-~a=~m~m~a
kadānu	k~a~d~-a~n~-o
attaippināža	a~t~t~a+~i~-~v~-ve-~n~a-a~ž-~a
šiummeni	š~ī-~u~m~m~e-~n~e
fōrunziġi	f~ō~r~u~n~z+~i+~ġ~e
kadimma	k~a~d-~i=~m~m~a
kilānež	k~i~l+~ā~n-i-~e~ž
katta	k~a~d~-~id-en
šūre	š~u~r~i
apsižnāġi	a~p~s~i~ž~n~ā-~ġ~e
ševerrāže	š~e~v~e~r~i~-na-a~ž-v~e
tipšar	t~i~p+~š~a~ri
paria	p~ā~r~i-i-~a
kirenze	k~i~r~e+~n+~z~e
adal	a~d-~a=~l
ardūri	a~r~d~ū~r~i
kāža	k~ā~ž-~a
ižammi	i~ž~a+~m~m~e
šuēž	š~ō~e-~ž
išteniffāmma	i~š~t~e~n~i-i~f~f~e-a=~m~m~a
šarrašši	š~a~r~r+~a+~š~š~e
ḫaburni	ḫ~a~v~o~r+~n~i
eġlibinibināža	e~ġ~l~i~-~ve-~n~e~-~ve-~n~a-a~ž-~a
pāenippa	p~ā~e~n~i~-~v-v~a
itkummi	i~t~k-~u~m~m~e
tattin	t~a~d~-~id-e~n
kelde	k~ē~l-~d~-i
ḫōžuni	ḫ~ō~ž~-o~n-~i
uwa	u~wi-~a
aribiblaž	a~r~i~b~.e~b~l~a-~ž
simidaduž	s~i~m~i~d~a~d~i-o~ž
šēġalubada	š~ē~ġ~a~l~+o+~b~a~de-~a
šeġellibina	š~e~ġ~~l~~i~-~ne-ve-~n~a
agib	a~g-~i-~b
šerrē	š~ē~r~i~-ne
pēdāri	p~e~d~+a~r+~i
teġeštab	t~e~ġ~-i~š~t-~a-~b
naunnibi	n~a~u~+~n~i~-~ne-ve
taġuwadinēda	t~a~ġ~+~o+v~a~d~i-~n~e-~d~a
nābu	n~ā~b-~u
sazulda	s~a~z+~u~l+~di-~a
tamgarida	t~a~m~g~ā~r~i-~d~a
īamma	ī~a=~m~m~a
tānu	t~ā~n~u
ḫenzā	ḫ~e~n~z~-a
šiānima	š~i~ā~n~i=~m~a
amarikkuwanin	a~m~a~r~i~k~k~u~w~a-~n~e-~n
šarrēna	š~a~r~r~ē-~n~a
pišḫi	p~i~š~ḫ~i
egušši	e~g~+o+~š~š-~i
suḫḫinie	s~u~ḫ~ḫ~i-~n~~e
ašteniva	ā~š~t~e-~n~e-~v~a
kiškižiaššenina	k~i~š+~k~i~ž+~i+~a+~š~š~e+~n~i-~n~a
īad	ī~a=~d
nuġunab	n~u~ġ~+o+~ni-~a~=m
ḫōruwāda	ḫ~ō~r~+~o+v~ā~de-~a
ileška	i~l~e~š~ki-~a
purammib	p~u~r~a+~m~m~i~-v
turuḫḫina	t~o~r~+o+~ḫ~ḫ~e-~n~a
teba	t~e~be-~a
ḫutḫiž	ḫ~u~t~ḫ-~i-e~ž
kadīw	k~a~d~-~i-o
ūrdaššinēlla	ū~r~d+~a+~š~š~e-~n~e-ž=~l~l~a
anamma	a~n~a~m=~m~a
alġi	a~l~ġ~i
attānima	a~t~t~a+~n~i=~m~a
favanašta	p~a~b~a+~ni-n~a~-~až-d~a
adašši	a~d+~a+~š~š~e
paššarugāra	p~a~š~š-~a~r-~u~g~a~r-~a
šavuškava	š~a~v~o~š~k~a-~v~a
abinie	a~b~i-~n~~e
puduž	f~u~d~-o-e~ž
nūrbiniž	n~ū~r~b~i-~n~e-~ž
tidiam	t~i~d~i-i-~a=~m
titta	t~i~t~t-~a
tibāġōm	t~i~v~-a~ġ~-o-~m
pāġrōžinež	f~~ġ~r~+o+~ž~e-~n~e-~ž
ḫibaptenida	ḫ~e~b~a~d~-v~e-~n~e-~d~a
nāniž	n~ā~n~i-~ž
šubrianaž	š~u~b~r~i+~a~n~a-~ž
mādena	m~ā~d~i-~n~a
nērida	n~ē~r~-e~d-~a
fažumai	f~a~ž~-o+~m+~a~i
teḫpa	t~e~ḫ~p-~a
šadanniž	š~a~d~a~ni-~n~e-~ž
sablašši	s~a~b~l+~a+~š~š~e
tunitḫibe	t~u~n+~i+~t~ḫe-~i~ff~e
kadib	k~a~d~i~-v
ḫideneve	ḫ~i~d~e-~n~e-~v~e
ḫāžarridal	ḫ~ā~ž+~a~r~r~i-~d~a=~l
sakkandi	s~a~k~k~a~n~d~i
tāġēma	t~ā~ġ~e=~m~a
pāinniž	p~a~i~ni-~n~e-~ž
šōima	š~ō~e=~m~a
unel	u~n~-i=~l
sōššiuž	s~ō~š~š~i~-i-o~ž
nerīda	n~e~r~a-i-~d~a
ḫōbidōda	ḫ~ō~b~i~d~ō~di-~a
uššōm	ō~š~š~-o-~m
fōrulžarražan	f~ō~r~o~l+~ž~a~r~i-n~a-a~ž-~a=a~n
taržuwannaža	t~a~r~ž~u~w~a+~ni-~n~a-a~ž-~a
itkanzalla	i~t~k~a~n+~zi-~a=~l~l~a
egi	e~g~i
šauška	š~a~vo~š~k~a
ai	a~i
arīvin	a~r~ī~v~i-~n
nakkašḫa	n~a~k~k+~a+~š~ḫe-~a
attāne	a~t~t~a+~n~i
taġažīb	t~ā~ġ-~a~ž~-i-~b
ḫōdōma	ḫ~ō~d~-o=~m~a
šōġuri	š~ō~ġ~o~r~i
putki	f~u~t+~k~i
ḫāigalli	ḫ~ā~i~g~a~l~~i-ne
tamrian	t~a~m~r~i-i-~a=a~n
šummi	š~u~m~m~i
elamirġena	e~l~~m+~i~r+~ġ~e-~n~a
parissade	p~a~r~i~s~s+~a~d~e
teġulli	t~e~ġ~+~o~l+~i-ne
ḫāžažimmi	ḫ~ā~ž+~a~ž+~i+~m~m~i
tiba	t~i~v-~a
uminna	o~m~i~ni-~n~a
ḫārēni	ḫ~ā~r~i-e-~n~e
inibāi	i~n~i~-~v~e-ae
ninuwaġinešša	n~i~n~u~w~a+~ġ~e-~n~e~-~ž=nn~a
ammatti	a~m~m~a~t~t~e
aīb	a~i~=m
irbīnāža	e~r~v~i-~n~a-a~ž-~a
ažmunigalōn	a~ž~m~o.~n~i~g~a~l~ō=~n
ḫennēma	ḫ~e~n~n~i=~m~a
uštanēdi	o~š~t-~a~n~-e~d-~i
azaldēda	a~z-~a~l-~d~-e~d-~a
ārnil	ā~r~n~i-i=~l
ebrež	e~v~r~i-~ž
šaburna	š~a~b~u~r+~ni-~a
fašši	f~a~š~š~i
šīġāi	š~ē~ġ~a~-ae
šāri	š~ā~r-~i
ōšše	ō~š~š-~e
āšḫun	a~š~ḫ~o-~n
tāġiba	t~ā~ġe-~i~-v~a
šōima	š~ō~e=~m~a
itkalzibāi	i~t~k~a~l+~z~i~-~v~e-ae
uġōžamāšši	o~ġ+~ō~ž+~a+~m~ā+~š~š~e
ḫāpšī	ḫ~a~p~š~-i
mōrrinibādel	m~ō~r~r~i-~n~e~-~va=~d~i~l
aluma	a~l~u-o+~m+~ai
ḫēbādōi	ḫ~ē~b~ā~d~u~-ve
kumarvenella	k~u~m~a~r~v~e-~n~e-ž=~l~l~a
ḫeiaruḫḫi	ḫ~~i+~a~r~+o+~ḫ~ḫ~e
šōrra	š~ō~r~i-n~a
šukkuttattam	š~u~k~k+~u~t~t-~a=~t~t~a=~m
adal	a~de-~a=~l
šōnia	š~ō+~n~i-i-~a
ḫōnžini	ḫ~ō~n~ž~i-~n~e
ḫōrvini	ḫ~ō~r~v~i-~n~e
turžē	t~u~r~ž~ē
ḫōdannaražāe	ḫ~ō~d+~a+~n~n+~a~r+~a+~ž~e-a~e
kōppannal	k~ō~p~p+~a+~n~ni-~a=~l
pāžia	f~~ž-~i-~a
katkinažuž	k~a~t+~k~i-~n~a-a~ž~-o~ž
ue	u~e
paibiblan	p~a~i~b~.e~b~l~a=a~n
šindiž	š~i~n~d~i-i-~ž
šōlli	š~o~l~l~i
nažāgi	n~a~ž~ā~g~i
pēġi	p~ē~ġ~i
kulumbi	k~u~l+~u+~m~b-~i
enudōbin	e~n+~u~d~-~o~-va-e~n
sōnni	s~ō~ni-~n~e
šukka	š~o~k~k-~a
ḫōraīa	ḫ~ō~r~a~-i-~a
kuldum	k~u~l-~d~-o=~m
šeġalummālla	š~e~ġ~a~l~-~o-~m~-a=~l~l~a
mōrri	m~ō~r~~i-ne
fovāi	f~o~v~~i-ae
ḫāžuža	ḫ~a~ž~-o~ž-~a
šūnīda	š~ō+~n~i-i-~d~a
talēnež	t~a~l~e-~n~e-~ž
šumallam	š~u~m~a~l~i-n~a=~m
uššeššinida	u~š~š+~e+~š~š~e-~n~e-~d~a
suzōnni	s~u~ss+~ō+~n~n~i
ulme	ū~l+~m~e
ḫāšši	ḫ~a-a-~š~š~e
inġad	i~n~ġ-~a=~d
sāzulōšteri	s~ā~z~-o~l~-o~š~t~-i-~r~e
šummera	š~u~m~m~e~ri-~a
temgiaža	t~e~m+~g~i-i-~a~ž-~a
tugalla	t~u~g-~a=~l~l~a
šebāra	š~e~b+~ā~r+i-~a
arbarra	a~r~b+~a~r~+i-n~a
nuwinduž	n~ū~-~i~n~d~-o-e~ž
šalġulēž	š~a~l~ġ~-o-~l~-e~ž
talinaža	t~ā~l~e-~n~a-a~ž-~a
palaġa	p~a~l-~a~ġ-~a
mērež	m~ē~r-i-~e~ž
kāni	k~ā~n~i
mandukkimma	m~a~n~d~u~k~k~i=~m~m~a
ēbrinna	ev~e~r~+~ni-~n~a
udepšarrāl	u~d~i~p.~š~a~r~r~a-ž=~l
ižena	i~ž~e-~n~a
sāzin	s~ā~z-~i-e~n
padni	p~a~d~n~i
amudum	a~m-~u~d~-o-~m
tōrōbinibi	t~o~r~o~v~e-~n~e~-~ve
eže	e~ž~e
āšḫōmain	ā~š~ḫ~-o+~m+~a~i-~n
karapteda	k~a~r~a~p~t~e-~d~a
šēria	š~ē~r-~i-~a
umina	o~m~i~ni-~a
šīġa	š~ī~ġi-~a
aēššam	a~v~e~-ž=nn~a=~m
ōššukkam	ō~š~š~-o-~k~k~o=~m
amulēž	a~m~-o-~l~-e~ž
aiwpa	a~i~u~-v~a
ašḫužikkunnima	ā~š~ḫ~+o~ž+~i+~k~k~+o+~n~n~i=~m~a
kiražima	k~e~r~+ā+~ž~e=~m~a
māġri	m~ā~ġ~r~i
lallarrež	l~a~l~l~a~r~i-n~e-~ž
ḫapšārūwa	ḫ~a~p~š~-a~r~-~u-~a
una	u~n-~a
ḫupši	ḫ~u~p~š-~i
pindun	p~e~n~d~-o=~n
ḫōbri	ḫ~ō~b~r~i
subnīa	s~u~b~n~-i-~a
ōrdōbōr	ō~r+~d~-~o~-vo~r
mannamištun	m~a~n~n~a~m~i~š~t~u=~n
kēbina	k~ē~b~i-~n~a
immandena	i~m~m~a~n~d~e-~n~a
uīrrivenāža	uw~ī~r~~i-ne-~v~e-~n~a-a~ž-~a
telippa	t~e~l-~i~-~b=m~a
areššal	a~r-i-~e~ž~-~a=~l
azallin	a~z-~a~l~-~i-le=~n
šešfe	š~e~š~f~e
timarri	t~i~m~e~r~~i-ne-e
šōvae	š~o~w~a-a~e
šēri	š~ē~r~i
kinnāri	k~i~n~n+~ā~r+~i
kirunna	k~i~r~-o=~n~n~a
paibiblaž	p~a~i~b~.e~b~l~a-~ž
sugazūganišša	s~u~g~a+~z~ū~g-~a~n-~i-~š~še-~a
karži	k~a~r~ž~i
ari	a~r-~i
šabla	š~a~v~li-~a
āžri	ā~ž~r~i
ḫāža	ḫ~ā~ži-~a
ḫutḫiž	ḫ~u~t~ḫ~i-i-~ž
šōduštiēž	š~ō~d~-o~š~t-~i~-e~ž
kumarbinive	k~u~m~a~r~v~e-~n~e-~v~e
pudūri	f~u~d~-o-~r~e
šinnaġinippaž	š~i~n~n~a~ġ~i+~n~i~-~iffe-~a~ž
kadulen	k~a~d~-o~l-i-~e~n
pēdarriž	p~e~d+~a~r~+~i-ne-~ž
uštedia	u~š~t~e~d~i-i-~a
azusḫi	a~z~u~s~ḫ~i
ubina	o~b~i-~n~a
tāġinibinež	t~ā~ġ~e-~n~e~-~ve-~n~e-~ž
purġa	p~u~r~ġ-~a
idi	i~d-~i
pindaulda	p~e~n~d-~a~ʾ-o~l-~d-~a
tāġibāe	t~ā~ġ~e~-~v~e-ae
išti	i~š~tan~i-i
alurina	a~l~+o+~r~e-~n~a
kunzimai	k~u~n~z-~i+~m+~a~i
egi	e~g~i
faeli	f~a~e~l-~i
eliškaella	e~l~i~š~ki-~a~e=~l~l~a
taġōbi	t~a~ġ~ō~b~i
mānōl	m~a~n~-ož=~l
šīrnamma	š~ī~r+~ni-~a=~m~m~a
nawnībuwe	n~a~u+~n~i~-~i~-~e
nāli	n~ā~l~i
ḫanumbasḫida	ḫ~a~n+~u+~m~b+~a+~s~ḫ~e-~d~a
kāža	k~ā~ži-~a
alulda	a~l~-o~l-~d-~a
abima	a~v~e=~m~a
tali	t~a~l~e
uža	u~ž-~a
pāri	p~ā~r-~i
ḫelda	ḫ~i~l~de-~a
kešḫidan	k~e~š~ḫ~i-~d~a~n
abriāži	a~b~r~i~-i-a~ž~-ve
fandarinināma	f~a~n~d+~a~r+~i+~nn~i-~n~a=~m~a
šallaena	š~a~l~l~a~e-~n~a
faġruwāde	f~a~ġ~r~+~o+v~ā~d~e
agab	a~g-~a-~b
agulūwa	a~g~-o~l~-~u-~a
āssarōḫḫa	ā~s~s+~a~r+~ō+~ḫ~ḫe-~a
avalġa	a~v+~a~l+~ġe-~a
paġruž	f~a~ġ~r~-o-e~ž
alikki	a~l-~i-~k~k~i
pāra	p~ā~ri-~a
teeia	t~ē~-~i-~a
ažulain	a~ž~-o-~l-~a~i-~n
āni	ā~n~i
sālī	s~ā~l~i
pāžinida	p~ā~ž~e-~n~e-~d~a
ene	e~n~i
šeġlu	š~e~ġ+~l-~u
kulmu	k~u~l~m~-o
unib	u~n-~i-~b
simidada	s~i~m~i~d~a~di-~a
milulādu	m~i~l~-o~l~-a~d~-o
kužapḫi	k~u~ž~a~ġ~-~ve
kiluffa	k~ē~l-~u~f~f-~a
munuž	m~u~n~-o-e~ž
tupḫa	t~u~p~ḫi-~a
mēginella	m~ē~g~i-~n~e-ž=~l~l~a
neġirna	n~e~ġ~e~r+~ni-~a
paria	p~a~r-~i-~a
kažla	k~a~ž~l-~a
igi	i~g~i
šatti	š~ā~t~t-~i
šilaġugarilla	š~i~l-~a~ġ-~u~g~a~r-~i=~l~l~a
nēlaban	n~ē~l~a~-v-~a=a~n
šindāib	š~i~n~d~a~i~=v
ōšši	ō~š~š~i
azamaruliēž	a~z-~a~m-~a~r~-o-~l~-~e~ž
uētta	uw~ē~t~ti-~a
šašfe	š~a~š~f~e
kenna	k~e~ni-~n~a
ašḫuidan	a~š~ḫ~o-~i-~d~a~n
išḫara	i~š~ḫ~a~r~a
ḫīžāri	ḫ~ī~ž~-a~r-~i
itkundōri	i~t~k+~u~n~d~+o+~r~e
faštu	f~a~š~t~-o
kapšinina	k~a~p~š~i-~n~e-~nn~a
namla	n~a~m~li-~a
šilāġi	š~i~l~-a~ġ-~i
pēġi	p~ē~ġ-~i
eževabun	e~ž~e~b~.ā~b~u=~n
amuwīn	a~m~-~o~-e~n
ḫalzinibi	ḫ~a~l~z~e-~n~e~-~ve
šindai	š~i~n~d~a~i
tižab	t~i~ž~a~-v
eradiniž	e~r~a~d~e-~n~e-~ž
tūmniažūž	t~o~m~n~i-i-~a~ž~-o~ž
turuḫḫe	t~ū~r~+o+~ḫ~ḫ~e
alulū	a~l~-o~l~-u
šabadnimma	š~a~b~a~d+~n~i=~m~m~a
farinināma	uw+~a~r+~i+~nn~i-~n~a=~m~a
paġmi	p~a~ġ~m~i
irveniž	e~r~v~i-~n~e-~ž
nirġa	n~i~r~ġi-~a
šagumženež	š~a~g+~u~m+~ž~e-~n~e-~ž
ḫāib	ḫ~a-~i~=m
ḫēaraštēda	ḫ~ē-~a~r-~a~š~t~-e~d-~a
īllulia	ī~l~l~-o~l-~i-~a
attaivi	a~t~t~a+~i~-~i-ve
fudarinalla	f~u~d+~a~r+~i+~nni-~a=~l~l~a
tālūlīžanna	t~ā~l+~ū~l+~ī+~že-~a=~n~n~a
tamgarrida	t~a~m~g~ā~r~~i-ne-~d~a
naiġēna	n~a+~i+~ġ~ē-~n~a
eguššinažuž	e~g~+o+~š~š~e-~n~a-a~ž~-o~ž
attaebini	a~t~t~a~+~i-~i-ve-~n~e-e
tēna	t~ē+~ni-~a
itkalzinibinažuž	i~t~k~a~l+~z~i-~n~e~-~ve-~n~a-a~ž~-o~ž
pāttarribi	p~ā~t~t~a~r~~i~-~ne-ve
tabrāna	t~a~b~r~a~ni-~a
kikkuġēda	k~i~k~k~-o~ġ~-e~d-~a
kamēnež	k~a~m~me-~n~e-~ž
ḫāḫḫiniž	ḫ~ā~ḫ~ḫ~i-~n~e-~ž
šeġalaššiġinimma	š~e~ġ~a~l+~a+~š~š~e+~ġ~e-~n~e-e=~m~m~a
ilāvān	i~l~ā~v~ā-a=a~n
šuškib	š~u~š~k-~i-~b
ḫanubasḫi	ḫ~ā~n+~u+~b+~a+~s~ḫ~e
tālāl	t~a~l~e-a=~l
ištennanan	i~š~t~e~ni-~n~a=~n~a~n
tiḫḫida	t~i~ḫ~ḫ~-e~d-~a
tabra	t~a~b~ri-~a
tāda	t~ā~di-~a
tizū	t~i~z~-u
izuziva	i~z~u~z~i-i-~v~a
āšḫuž	ā~š~ḫ~-o-e~ž
nakti	n~a~k~t~i
ḫalikkuli	ḫ~a~l~i~k~k~u~l~i
šešteni	š~e~š~t~i-~n~e
ulluġužellāin	o~l~l+~u~ġ~-o~ž~-i~l~l~-~i-ai-~n
allīġa	a~l~l+~ī+~ġe-~a
ḫattōġināža	ḫ~a~t~t~+o+~ġ~e-~n~a-a~ž-~a
ḫimzatḫōži	ḫ~i~m~z+~a+~t~ḫ~-o~ž-~i
talmašti	t~a~l~m-~a~š~t-~i
šōniaž	š~ō+~n~i-i-~a~ž
arnāi	a~r~n~~i-ae
šeġalama	š~e~ġ~a~l-~a=~m~a
amōmāb	a~m~+o+~m~i~-a=v
kiāžēni	k~i~a~ž~e-~n~e
irdib	i~r~d~e~-v
talaḫḫum	t~a~l~+ā~ḫ~ḫ~-o-~m
igi	i~g-~i
itkiaž	i~t~k-~i-~a-~ž
arulib	a~r~-o~l-~i-~b
aġarrēl	a~ġ~~r~i~-ne-ž=~l
azaldili	a~z-~a~l-~d-~i-~l~e
šia	š~i-~a
attaida	a~t~t~a+~i-~d~a
ḫullurēva	ḫ~u~l~l-~u~r~-i-e~v~a
šimegai	š~i~m~i~g~a+~i
talippa	t~a~le-~i~f~fe-~a
ḫīlēšta	ḫ~ī~l~ē~š~ti-~a
piġida	p~i~ġ~i-~d~a
tātḫināmma	t~a~t~ḫ~i-~n~a=~m~m~a
ōlluġaīnna	o~l~l+~u~ġ-i-~a~i=~n~n~a
suwadatte	s~u~v+~a~d+~a~t~t~e
šiali	š~i~a~l~i
tāġe	t~ā~ġ~e
īad	ī~a=~d
aga	a~gi-~a
fēlluža	f~ē~l~l~-o~ž-~a
savāldum	s~a~v~-a~l-~d~-o-~m
aġarrēba	a~ġ~~r~i~-~ne-v~a
šelužēda	š~e~l~-o~ž~-e~d-~a
šeġalama	š~e~ġ~a~li-~a=~m~a
irdeda	i~r~d~e-~d~a
šidurriva	š~i~d~+~ō+~r~i-ne-~v~a
ubēda	u~b~-e~d-~a
tālūlīžanna	t~a~l~-o~l~-i~ž-~a=~n~n~a
igēnema	e~g~i-~n~e-e=~m~a
aldāi	a~l-~d~-~i-ai
šāla	š~ā~l~a
ērġima	e~r~ġ~i=~m~a
ḫarraža	ḫ~ā~r~i-n~a-a~ž-~a
tapšurža	t~a~p~š+~u~r+~že-~a
uženi	u~ž~e-~n~e
ḫāža	ḫ~a~ž-~a
tālēnež	t~ā~l~e-~n~e-~ž
ōžnai	ō~ž~ni-~a~e
alġi	a~l~ġ-~i
ōšḫunōž	o~š~ḫ~o+~n~i-o~ž
tabrāni	t~a~b~r~a~n~i
murġulišta	m~u~r~ġ~u~l~i~š~ti-~a
kažinibād	k~ā~z~e-~n~e~-~va=~d
nabarbinie	n~a~b~a~r~b~i-~n~~e
puttiġiž	p~u~t+~t+~i+~ġe-~i-~ž
kummini	k~u~m~m~e+~n~e
iži	i~ž-~i
ḫeldāralla	ḫ~i~l~d~-a~r-~a=~l~l~a
pōenibi	p~ow~e-~n~e~-~ve
kešḫini	k~e~š~ḫ~i-~n~e-e
šīrna	š~ī~r~n-~a
pūrudum	f~~r-~u~d~-o-~m
foride	f~o~r~-e~d~-i
āġrudum	ā~ġ~r-~u~d~-o-~m
šummanniž	š~u~m~m+~a~+~n~i-ne-~ž
piġīe	p~i~ġ~-i-~en
aiuda	a~i~u-~d~a
pabannaže	p~a~b~a+~ni-~n~a-a~ž-v~e
purallinninažal	f~~r+~a~l~l+~i+~n~n~i-~n~a-a~ž-~a=~l
nīvāži	n~ī~v+~ā+~ž~e
uwamuwā	u~w~i~-~a~=~m
aġrušḫini	a~ġ~r~+o+~š~ḫ~e-~n~e
ažōġini	a~ž~+o~ġ~i-~n~e-e
surgi	s~u~r~g~i
šīnda	š~i~n~d-~a
ḫanumbasḫi	ḫ~a~n+~u+~m~b+~a+~s~ḫ~e
kapšuġāl	k~a~p~š~+o+~ġ~e-a=~l
talmanalla	t~a~l~m+~a+~ni-~a=~l~l~a
fōrīman	f~ō~r~i-i=~m~a~n
tagima	t~a~g~i=~m~a
anagina	a~n~a~g~i-~n~a
ōššōmai	ō~š~š~-o+~m+~a~i
ḫuenivan	ḫ~ow~e+~n~i-i-~v~a=a~n
nūma	n~ū~mi-~a
irdōvānninibi	i~r~d~ō~v+~ā+~n~n~i-~n~e~-~ve
tidiam	t~ī~d-~i-~a=~m
ḫerida	ḫ~e~r~i-~d~a
nešši	n~e~š~š~i
kibulaēšša	k~e~v~-o-~l-~a~i~-~ž=nn~a
teġulli	t~e~ġ~-~o~l-~i-le
ēlmirġi	e~l~m+~i~r+~ġ~e
kīzirriva	k~ī~z~i~r~~i-ne-~v~a
idna	i~d+~ni-~a
ḫeldāralla	ḫ~i~l~d+~ā~r+i-~a=~l~l~a
karžida	k~a~r~ž~i-~d~a
eginniniž	e~g~e+~n~n~i-~n~e-~ž
šurrū	š~u~r~r~-u
amanniniba	a~m+~a+~n~n~i-~n~e~-v~a
ḫalzēni	ḫ~a~l~z~e-~n~e-e
tariġini	t~a~r+~i+~ġ~e-~n~e
allai	ā~l~l~a+~i
kelde	k~e~l+~d~i
ḫāġippinama	ḫ~ā~ġ~i~-~v~-ve-~n~a=~m~a
tapḫaštib	t~a~p~ḫ-~a~š~t-~i-~b
šīnzima	š~i~n+~z~e=~m~a
kamallenna	k~a~m~a~l~i-n~e-~n~n~a
lēli	l~e~l~i
mīrrīž	m~ī~r~i~-ne-~ž
taškarġi	t~a~š~k~a~r+~ġ~e
tugrišḫi	t~u~g~r~i~ž~-~ġe
ūna	uw+o+~ni-~a
iġarā	i~ġ~a~r~i-a
teiai	t~e~i-~a~e
tānaštīb	t~ā~n-~a~š~t~-i-~b
ivi	i~v-~i
nūma	n~ū~m-~a
kirmana	k~i~r+~m~a~n-~a
tumniam	t~o~m~n~i-i-~a=~m
nippilōva	n~i~p~p~i~l~o~v~a-a
šūranni	š~ū~r+~a+~n~n~i
avaštiž	a~v-~a~š~t-~i-e~ž
ūmmumaššiniva	u~m~m~-o-~m-~a~š~š~e-~n~e-~v~a
šūgēma	š~ū~g~ē=~m~a
ēlgilla	ē~l~g~i-i=~l~l~a
šubribi	š~u~b~r~i~-~ve
šarrumman	š~a~r~r~u~m~m~a=~n
tabenduž	t~a~b~-i~n~d~-o-e~ž
lablaḫḫinida	l~a~b~l~a+~ḫ~ḫ~e-~n~e-~d~a
alulbi	a~l~u~l~b~i
temmāni	t~e~m~m~-a~n-~i
ḫāžažib	ḫ~ā~ž+~a+~ž~e~-v
sukki	s~u~k~k-~i
kūmdenivenin	k~ū~m+~d~e-~n~e-~v~e-~n~e-e=~n
erōliva	e~r~-o-~l~-e~v~a
nāwunni	n~ā~ū~+~n~n~i
arire	a~r+~i+~r~e
kappilivaž	k~a~p~p-~i-~l~-e~v~a-~ž
aguda	a~g~o-~d~a
parġida	p~a~r~ġ~i-~d~a
teššīe	t~e~š~š~e-~e
pāġiž	p~ā~ġ-~i-e~ž
futkina	f~u~t+~k~i-~n~a
uittani	u~w+e~t~t+~a+~n~i
ānnež	a~ni-~n~e-~ž
šuwannāža	š~u~w+~a+~ni-~n~a-a~ž-~a
ūmbiža	ū~m~b+~i+~že-~a
kadi	k~a~d~i
pāštōm	p~a-a~š~t~-o-~m
salaštu	s~a~l-~a~š~t~-o
šīadi	š~ī~a~d~i
alāži	a~l+~ā+~ž~e
subitta	s~u~b~-~e~d-d-~a
ūrġāb	ū~r~ġ~-a-~b
ḫinnim	ḫ~e~n~n~i=~m
sūleška	s~ū~l+~e~š~ki-~a
kuninibi	k~u~n~e-~n~e~-~ve
kašti	k~a~š~t~i
tārra	t~ā~r~i-n~a
tā+na	t~ā~~n-~a
nūbi	n~u~b~i
abinam	a~v~i+~n~=~m
kapšalla	k~a~p~š~a~l~l~a
paġandarri	p~a~ġ+~a~n~d+~a~r~+~i-ne
armuž	a~r~m~i-o~ž
pēduġa	p~ē~d+~u~ġ-~a
šarrina	š~a~r~r~i-~n~a
ula	o~li-~a
tibāġa	t~i~v~-a~ġ-~a
šadna	š~a~d~n-~a
suguġēda	s~u~g~-o~ġ~-e~d-~a
ḫōžurraža	ḫ~ō~ž~u~r~i-n~a-a~ž-~a
āštiba	ā~š~t~e~-v~a
sōšša	s~ō~š~š-~a
sāssari	s~ā~s~s+~a~r+~i
inġad	i~n~ġi-~a=~d
tali	t~a~l-~i
āllaniva	ā~l~l~ā~n~i-~v~a
šēnima	š~iye-~n~e-e=~m~a
šāvalam	š~ā~v+~a~l-~a=~m
mādi	m~ā~d~i
ūpšīb	ū~p~š~-i-~b
tūnimmuššuḫḫa	t~ū~n+~i~m~m~+o+~š~š~+o~ḫ~ḫe-~a
amattena	a~mm~a~t~t~e-~n~a
kaganidama	k~a~ġ+~a+~n~i-~d~a=~m~a
īa	ī~a
īpšadenen	ī~p~š~a~d~e-~n~e-~n
nakti	n~a~k~-d-~i
ḫōiġia	ḫ~ō+~i+~ġe-~i-~a
tāġi	t~ā~ġ-~i
auliž	a~o~l~i-~ž
ōlma	ō~l+~mi-~a
ḫāulimāīn	ḫ~a~-o~l-~i+~m~+~ai-~n
andillam	a~n~d~i=~l~l~a=~m
atḫalve	a~t~ḫ~a~l~v~e
ebri	e~v~r~i
šāmanni	š~ā~m~a~ni-~n~e
arīvin	a~r~i~-~i-ve=~n
agi	a~g-~i
šerže	š~e~r+~ž~e
teššena	t~e~š~š~e-~n~a
taġinež	t~ā~ġ~e-~n~e-~ž
ardinin	a~r~d~e-~n~e-e=~n
mānie	m~ā~n~n~e
enež	e~n~i-~ž
āmmanniniva	ā~m~m+~a+~n~n~i-~n~e-~v~a
tarmanna	t~a~r~m+~a+~ni-~n~a
nammallāža	n~a~m~l~i~-~n~a-a~ž-~a
šēriž	š~ē~r~i-~ž
egennin	e~g~e+~n~n~i-~n
šūžiž	š~ū~ž~i-i-~ž
abalġi	a~b~a~l+~ġ~e
aštāgabi	a~š~t~a~g~a~-~ve
mādida	m~ā~d~i-~d~a
eguššellandin	e~g~+o+~š~š~-i~l~l-~a~n~d-~i-~n
tuppini	t~u~p~p~i-~n~e-e
ḫillēl	ḫ~i~l~l~-i=~l
puranzipḫināža	p~u~r~a~n~z~i~~ḫ~-ve-~n~a-a~ž-~a
nātḫa	n~a~t~ḫi-~a
šendamennīn	š~e~n~d~a~m~e~n~n~i=~n
kādala	k~a~d-~a~l-~a
ḫōrāmi	ḫ~ō~r~ā~m~i
kāllež	k~ā~l~i-n~e-~ž
sigarullinež	s~i~g+~a~r+~u~l~l~i-~n~e-~ž
kibašši	k~e~v+~a+~š~š~e
šeġurnibāe	š~e~ġ~o~r+~n~i~-~v~e-ae
āġmižarriž	ā~ġ~m~i~ž~a~r~~i-ne-~ž
kīli	k~i~l~i
tabrinnež	t~a~b~r~i~ni-~n~e-~ž
āštašḫini	ā~š~t+~a+~š~ḫ~e-~n~e
paini	p~ā~i~n~i
kula	k~o~l-~a
arōlawunna	a~r~-o~l-~a~w~=~n~n~a
šuēž	š~u~-i-e~ž
kiraraštum	k~i~r-~a~r-~a~š~t~-o-~m
šumminnam	š~u~m~m~i+~n=~nn~a=~m
urġa	ū~r~ġi-~a
ištāni	i~š~t~a~n~i
navanida	n~a~v-~a~n~-e~d-~a
šarri	š~a~r~r~i
adēma	a~d~e=~m~a
šialēri	š~i~a~l~-i-~r~e
ḫanirra	ḫ~a~n+~i~+~re-n~a
pēġulaballa	p~ē~ġ~u~l~a~bi-~a=~l~l~a
kažiarrinel	k~a~ž~i~a~r~~i-~n~e-ne=~l
pāenib	p~ā~e~n~i~-v
itka	i~t~k-~a
šēža	š~ē~žē-~a
šūgi	š~ū~g~i
šūri	š~ū~r-~i
tupḫa	t~u~p~ḫ-~a
šeġalulēž	š~e~ġ~a~l~-o-~l~-e~ž
ēbrivē	e~~r~i-i-~v~e
nabnida	n~a~b~n~i-~d~a
forili	f~o~r-~i-~l~e
kundāri	k~u~n~d~ā~r~i
eguššina	e~g~+o+~š~š~e-~n~a
avida	a~v~i-i-~d~a
šarri	š~a~r~r-~i
kišḫini	k~e~š~ḫ~i-~n~e
šažarri	š~a~ž~a~r~~i-ne-e
šallaēnel	š~a~l~l~a~ie-~n~e-e=~l
kuzuġi	k~u~z~-o~ġ-~i
ḫāllāi	ḫ~ā~l-i-~l~-a~i
itkurinella	i~t~k~-o-~r~e-~n~e-e=~l~l~a
igināžuž	i~g~i-~n~a-a~ž~-o~ž
allumāda	a~l~l~u~m+~ā~de-~a
itkalzinibi	i~t~k~a~l+~z~i-~n~e~-~ve
eginiž	e~g~i-~n~e-~ž
ḫeldeni	ḫ~e~l~d~e-~n~e
fōrullibina	f~ō~r~o~l~~i~-~ne-ve-~n~a
aīn	a~i=~n
kutkūda	k~u~t+~k~ū~d-~a
fāra	f~ā~r-~a
šarrinibi	š~a~r~r~i-~n~e~-~ve
niġe	n~i~ġ~e
teššināža	t~e~š~š~e-~n~a-a~ž-~a
tēadin	t~ēi+~a~d~e-~n
kīdāba	k~ī~d~ā~vi-~a
tulbulimaža	t~u~l~b~u~l~i+~m+~a+~že-~a
sibariba	s~i~b+~a~r+~i~-i-v~a
naunnaža	n~a~u+~ni-~n~a-a~ž-~a
purullibi	f~~r~o~l~~i~-~ne-ve
tāpšūlāw	t~ā~p~š~-o~l~-a~w
kāzuž	k~ā~z~e-o~ž
alda	a~l~di-~a
kāvāl	k~ā~v~i-a=~l
tibib	t~i~v~e~-v
arni	a~r~n~i
avālġi	a~v~+a~l+~ġ~e
šukkua	š~u~k~k-~u-~a
uminnāži	o~m~i~ni-~n~a-a~ž~-ve
māški	m~ā~š~k~i
ḫōdanna	ḫ~ō~d+~a+~n~ni-~a
ḫavāḫḫōbada	ḫ~a~v+~ā~ḫ~ḫ+~ō+~b~a~de-~a
šinubini	š~i~n~u~b~i-~n~e
sūldu	s~ū~l-i~d~-o
težuġarġināži	t~e~ž+~u~ġ+~a~r+~ġ~e-~n~a-a~ž~-ve
nānašti	n~ā~n-~a~š~t-~i
ašḫužikkunnibi	ā~š~ḫ~+o~ž+~i+~k~k~+o+~n~n~i~-~ve
ēnġa	ē~n~ġi-~a
sigalduži	s~i~g+~a~l-~d~-o~ž-~i
ažiwlai	a~ž~i~u~li-~a~e
kadenduž	k~a~d~-i~n~d~-o-e~ž
ḫōlulidu	ḫ~ō~l~-o~l-~i~d~-o
šīwullēm	š~ī~-~u~l-i-~l~e=~m
ueruḫḫāl	uw~e~r~+o+~ḫ~ḫ~e-a=~l
pendōvalla	p~e~n~d~-~u-~a=~l~l~a
ḫōpten	ḫ~ō~p~t~e-~n
urunnin	o~r~+o+~n~n~i-~n
akkadeni	a~k~k+~a~d~e-~n~e
kanzukkam	k~a~n~z~-o-~k~k~o=~m
aštēna	ā~š~t~e-~n~a
umban	u~m~b~a=a~n
taržuwanna	t~a~r~ž~u~w~a+~ni-~n~a
ēbrinniž	ev~e~r~+~ni-~n~e-~ž
ḫežminiž	ḫ~i~ž~m~i-~n~e-~ž
tebušḫa	t~i~v~+o+~š~ḫi-~a
ādaž	at~t~a-~ž
tešcuppi	t~e~š~š~o~b~-~ve
ōššunila	ō~š~š~+o+~n~i-i=~ll~a
melaḫḫum	m~e~l+~a~ḫ~ḫ~-o-~m
kulimmāššōḫḫa	k~u~l+~i+~m~m+~ā+~š~š+~ō+~ḫ~ḫe-~a
šīenāže	š~iy~e-~n~a-a~ž-v~e
pāri	p~ā~r~i
tiššuḫḫi	t~i~š~š~+o+~ḫ~ḫ~e
išten	i~š~t~e=~n
kulamudutki	k~u~l+~a~m+~u~d+~u~t+~k~i
težuġāi	t~e~ž~+o+~ġ~e~-ae
šarārma	š~a~r~ā~r~mi-~a
ēblam	ē~b~l~a=~m
šaržāraima	š~a~r~ž~ā~r~a~i=~m~a
pirida	p~i~r~-e~d-~a
nurāšše	n~u~r+~ā+~š~š~e
ašḫaštaġe	a~š~ḫ+~a~š~t+~a~+ḫḫ~e
paġedab	p~ā~ġ-~e~d-~a~w
pittugalliaž	p~i~t~t~u~g~a~l~l~i-i-~a~ž
agāve	a~g~a-~v~e
aveda	a~v~e-~d~a
manzōrāma	m~a~n~u~-ž-o~r~a=~m~a
kippēna	k~i~p~p~e-~n~a
ḫažāe	ḫ~ā~ž~i-a~e
tattin	t~a~t~t~i-~n
sūlūža	s~ū~l~-o~ž-~a
munuž	m~u~n~i-o~ž
šubribinibi	š~u~b~r~i~-~ve-~n~e~-~ve
šarža	š~a~r~že-~a
kažlōža	k~a~ž~l~-o~ž-~a
kišḫida	k~e~š~ḫ~i-~d~a
ḫārapḫaēm	ḫ~ā~r+~a~+~ġe-ve-~a~e=~m
adāni	a~d+~ā+~n~i
nāninduža	n~ā~n-~i~n~d~-o-e~ž=nn~a
īamma	ī~a=~m~m~a
marašte	m~a~r-~a~š~t~-i
fāžanna	f~ā~ž~a~ni-~n~a
unōži	u~n~-o~ž-~i
pābelġa	p~ā~b~e~l+~ġe-~a
šukkunna	š~u~k~k~+o+~ni-~n~a
tadida	t~a~d-~i~d-~a
ūžamma	uw+o+~že-~a=~m~m~a
kapšuġāma	k~a~p~š~+o+~ġ~e-a=~m~a
ḫōdinaži	ḫ~ō~d~e-~n~a-a~ž~-ve
pižešḫum	p~i~ž+~e~š~ḫ~-o-~m
šūwarudanam	š~ū~w-~a~r-~u-~d-~a=~n~=~m
iži	i~ž~i
tapšaġuḫḫa	t~a~p~š+~a~ġ~+o+~ḫ~ḫe-~a
kadia	k~a~d-~i-~a
ubuwen	u~b~-~o-va-~e~n
mādinibi	m~ā~d~i-~n~e~-~ve
anzini	a~n~z~i-~n~e
āštenibi	ā~š~t~e-~n~e~-~ve
tavaštōm	t~a~v-~a~š~t~-o-~m
užu	u~ž-~u
ežežal	e~ž~e~ži-~a=~l
amudōbadi	a~m+~u~d~-~o-v~a~d~e
ḫāōppul	ḫ~a~-~u~ff~u=~l
kōruppi	k~ō~r~u~p~p~i
ḫamarražena	ḫ~a~m+~a~r~+i-n~a-a~ž-v~e-~n~a
naġmazulel	n~a~ġ~m~a~z~u~l~i-ž=~l
kōruppi	k~ō~r-~u~p~p-~i
aruwallāenama	a~r~u~w~a~l~l~ā~e-~n~a=~m~a
unadel	u~n-~a=~d~i~l
šōrin	š~ō~r~i-~n
azalda	a~z-~a~l-~d-~a
ḫōiġiani	ḫ~ō+~i+~ġe-~i-~a~n~e
uštiġi	o~š~t+~i+~ġ~e
manzōž	m~a~n-~z~-o~ž
ḫaburnin	ḫ~a~v~o~r+~n~i-~n
kāri	k~a~r-~i
tibōšḫi	t~i~v~+o+~š~ḫ~i
paġli	p~a~ġ+~l~i
adaššībi	a~d+~a+~š~š~e~-~ve
forāna	f~o~r+~ā~n~a
tabaštili	t~a~b-~a~š~t-~i-~l~e
šēġalum	š~e~ġ~a~l~-o-~m
šīġa	š~ī~ġ-~a
šīwḫa	š~ī~u~ġi-~a
aġarribāe	a~ġ~~r~~i~-~n~e-ve-ae
šelōlidu	š~e~l~-o~l-~i~d~-o
niga	n~i~gi-~a
umbōž	u~m~b~-o-e~ž
talavoži	t~a~l~ā~v+~o+~ž~e
šumunnibi	š~u~m~~ni-~n~e~-~ve
ḫōdenažuž	ḫ~ō~d~e-~n~a-a~ž~-o~ž
aninie	a~n~e-~n~~e
šeridab	š~e~r~-e~d-~a~w
ažaštib	a~ž-~a~š~t-~i-~b
ḫōdannibāe	ḫ~ō~d+~a+~n~n~i~-~v~e-ae
tārinni	t~a~r+~i+~n~n~i
nažāgi	n~a~ž~-a~g-~i
adamġi	a~d+~a~m+~ġ~e
šeġruž	š~e~ġ~r~-o-e~ž
titta	t~i~t~ti-~a
fiwta	f~ē~-~od~a
āllānima	ā~l~l~ā~n~i=~m~a
šukkunna	š~o~k~k~o=~n~n~a
ižuġnai	i~ž~u~ġ+~ni-~a~e
uwal	u~w-~a=~l
fāġadi	f~ā~ġ~a~d~i
navanida	n~a~v~a~n~i-~d~a
ōštannōġa	ō~š~t+~a+~n~n+~ō+~ġe-~a
āpši	a~p~š~e
ḫavorunnen	ḫ~a~v~o~r~+~ni-~n~e-~n
eġarribinidal	e~ġ~a~r~~i~-~ne-ve-~n~e-~d~a=~l
idni	i~d+~n~i
tamgina	t~a~m~g~i~n~a
kažalla	k~ā~ž-~a=~l~l~a
ḫāšši	ḫ~a~š~š~i
kūmurrida	k~ū~m~u~r~~i-ne-~d~a
šōruž	š~ō~r~i-o~ž
ḫānie	ḫ~ā~n~i-~e
šinzuḫḫamma	š~i~n+~z~+o+~ḫ~ḫe-~a=~m~m~a
šāġlēž	š~ā~ġ~l~-i-e~ž
ibima	i~b~i-i=~m~a
eguššulēž	e~g~+o+~š~š~-o-~l~-e~ž
arōluda	a~r~-o~l-~u-~d-~a
tāġid	t~ā~ġ~e=~d
tatḫinibi	t~a~t~ḫ~i-~n~e~-~ve
nave	n~a~v~e
šeġri	š~e~ġ~r~i
kēški	k~e~š~k~i
nīvarīuž	n~ī~v+~a~r~+~i-i-o~ž
naīanie	n~a~i-i-~a~n~~e
ḫārrēma	ḫ~ā~r~i~-ne-e=~m~a
idiaž	i~d~i-i-~a~ž
pārgiaž	p~ā~r~g~i-i-~a~ž
kuldim	k~u~l-~d-~i=~m
ittili	i~t~t-~i-~l~e
ḫillamen	ḫ~i~l~l-~a~m-i-~e~n
šīenella	š~iy~e-~n~e-e=~l~l~a
sangandi	s~a~n~g~a~n~d~i
keldiani	k~e~l+~d~i-i-~a~n~e
ila	i~l-~a
šadōži	š~a~d~-o~ž-~i
ēšḫi	ē~š~ḫ~i
pizigarraž	p~i~z~i~g~a~r~r~a-~ž
kuldubin	k~u~l~d~u~b~i-~n
kažlužellandin	k~a~ž~l~-o~ž~-i~l~l-~a~n~d-~i-~n
nēġārža	n~ē~ġ~ā~r+~že-~a
šīad	š~iye-~a=~d
ižinibāin	i~ž~i-~n~e~-~v~e-ae=~n
tivinām	t~i~v~e-~n~a=~m
tummininna	t~u~m~m~i-~n~e-e=~n~n~a
igingališḫīnamma	i~g~i~n~g~a~l~i~š~-~ġe-~n~a=~m~m~a
purandinel	p~u~r~a~n~d~i-~n~e-ž=~l
šeġri	š~e~ġ~r-~i
kaškan	k~a~š~k~a=a~n
talabōžinaža	t~a~l~ā~v~+o+~ž~e-~n~a-a~ž-~a
šumi	š~u~m-~i
pendukku	p~e~n~d~-o-~k~k~o
šānnež	š~ā~ni-~n~e-~ž
sūlūde	s~ū~l+~ū~d~e
ḫāžarinna	ḫ~ā~ž+~a~r+~i-i-~n~n~a
alaluž	a~l~a~l~u-~ž
kažiari	k~a~ž~i~a~r~i
fēḫḫēda	f~ē~ḫ~ḫ~i-e-~d~a
idennanež	i~d~e~n~n~a-~n~e-~ž
ulluliž	o~l~l~-o-~l~-e~ž
numribi	n~u~m~r~i~-~i-ve
ḫalban	ḫ~a~l~b~a-a=a~n
tadida	t~ā~d~i-~d~a
aiangurin	a~i~a~n~g~u~r~i=~n
simminie	s~i~m~m~i-~n~~e
niržida	n~i~r+~ž~e-~d~a
pandari	p~a~n~d+~a~r+~i
neššidal	n~e~š~š~i-~d~a=~l
tebini	t~i~v~e-~n~e
sarmadenin	s~a~r~m~a~d~e-~n~e-~n
tānuže	t~ā~n~+o+~ž~e
aigalduda	a~i~g~a~l~d~u-~d~a
ēlgi	ē~l~g~i
kešḫenāži	k~e~š~ḫ~i-~n~a-a~ž~-ve
ḫiaruḫḫa	ḫ~i+~a~r~+o+~ḫ~ḫe-~a
arulli	a~r~-~o~l-~i-le
kašti	k~a~š~-d-~i
eġlibina	e~ġ~l~i~-~ve-~n~a
egi	e~g-~i
tōpšida	t~ō~p~š~i-~d~a
ḫežāla	ḫ~e~ž+~ā~l-~a
tāri	t~ā~r~i
šeġurunnivini	š~e~ġ~o~r~+~ni-~n~e-~v~e-~n~e-e
aġarribināža	a~ġ~~r~~i~-~ne-ve-~n~a-a~ž-~a
ḫōdedemaen	ḫ~ō~d~-~i~+~m+~a~i-~n
awfa	a~-~u-~a
tagulēž	t~a~g~-o-~l~-e~ž
umbundurinidal	u~m~b+~u~n~d~+o+~r~e-~n~e-~d~a=~l
urunni	o~r~+o+~n~n~i
abin	a~v~i-i-~n
sūwe	s~ū~v~e
aguma	a~g~-o+~m+~ai
tarmannibina	t~a~r~m+~a~+~n~i~-~ne-ve-~n~a
ēšḫi	ē~š~ḫ-~i
kulimāššināža	k~u~l+~i+~m+~ā+~š~š~e-~n~a-a~ž-~a
ēārež	ē~ya~r~i-~ž
aštuḫḫinažuž	a~š~t~+o+~ḫ~ḫ~e-~n~a-a~ž~-o~ž
aġuina	a~ġ~u~i-~n~a
ḫōili	ḫ~ō-~i-~l~e
ḫōžellandin	ḫ~ō~ž~-i~l~l-~a~n~d-~i-~n
ažammu	a~ž-~a~m~m~-o
mužunni	m~u~ž~u~n~n~i
talmu	t~a~l~m~-o
itkalzai	i~t~k~a~l+~zi-~a~e
itkannim	i~t~k-i-~a~n~n~i=~m
šēni	š~e~na-~i
iškidu	i~š~k-~i~d~-o
kulmurri	k~u~l~m~+~o+~r~e-ne
uinež	uw~i-~n~e-~ž
ḫenni	ḫ~e~n~n~i
aranziġōba	a~r~a~n~z~i~ġ~ō~-v~a
kubaġāe	k~u~b~a~ġ~i-a~e
tadanida	t~a~d-~a~n~-e~d-~a
agabēnāža	a~g~a~-~ve-~n~a-a~ž-~a
talaḫḫōm	t~a~l-~a~ḫ~ḫ~-o-~m
eženibi	e~ž~e-~n~e~-~ve
ikkammašši	i~k~k+~a~m~m+~a+~š~š~e
tāna	t~ā~ni-~a
ḫāni	ḫ~ā~n~i
edukku	e~d~-o-~k~k~o
težāe	t~e~ž~i-a~e
mān	m~ā=a~n
paġrōžina	f~a~ġ~r~+o+~ž~e-~n~a
pōnġib	p~ō~n~ġ~i~-v
ālva	ā~l~vi-~a
paššitḫa	p~ā~š~š+~i+~t~ḫe-~a
allannida	ā~l~l~ā~ni-~n~e-~d~a
kiptaneda	k~i~p~-d-~a~n-~e~d-~a
sitkab	s~i~t~k-~a-~b
pindōli	p~e~n~d~-o~l-~i
šāttīdu	š~ā~t~t~-i~d~-o
fāžel	f~a~ž~-i=~l
fēžuda	f~ē-~ž~-o~d~a
tapšaḫḫa	t~a~p~š~+~ā~ġ+i-~a
armuž	a~r~m~-o-e~ž
ḫāžēra	ḫ~ā~ž~e~ri-~a
tāgidura	t~ā~g~i~d~u-~r~a
āġrāi	a~ġ~r~~i-ae
pulidibāe	p~u~l+~i~d~i~-~v~e-ae
šummida	š~u~m~m~i-~d~a
fažēda	f~a~ž~-e~d-~a
nīrib	n~i~r-~i-~b
ōrdeba	ō~r+~d-i-~e~v~a
falukku	f~a~l~-o-~k~k~o
ubīn	u~b~-i-e~n
kurgōrveašša	k~u~r~g~ō~r~v~i-i-~a~ž~=nn~a
tīb	t~i~ye-v
mānura	m~a~n~u-~r~a
šelli	š~e~l~l~i
taržuwanzi	t~a~r~ž~u~w~a+~n+~z~i
adi	a~d~i
uġōni	o~ġ~+o+~n~i
arde	a~r~d~e
izūza	i~z~u~zi-~a
ardeni	a~r~d~e-~n~e
unuž	u~n~-o-e~ž
šūpta	š~ū~p~ti-~a
ažužellandin	a~ž~+o~ž~-i~l~l-~a~n~d-~i-~n
ōlmišši	ō~l+~m~i-~š~š~i
ārdīma	a~r~d~e-i=~m~a
šēduilianiž	š~ē~d~+oʾ+~i~l~i~a-~n~e-~ž
ēnna	e~ni-~n~a
pirugāra	p~i~r+~u~g~ā~ri-~a
ōmmennivā	o~~m~i~ni-~n~e-~v~a
ašḫudan	a~š~ḫ~o-~d~a=a~n
šuwindašši	š~u~-~i-~n~d-~a-~š~š~e
aġrāid	a~ġ~r~ā-~i=~d
ubi	u~b~i
ammurami	a~m~m~u~r~a~m~i
pāġiž	p~a~ġ~i-~ž
taliniba	t~ā~l~e-~n~e~-v~a
fenda	f~e~n~di-~a
anammi	a~n~a~m~m~i
subnīa	s~u~b~n~i-i-~a
elmāi	e~l~m~~i-ae
felzab	f~e~l~z-~a-~b
šattidel	š~a~t~t~i=~d~i~l
pīarida	p~ī~a~r~i-~d~a
univatta	u~n-~i-e~v~a=~t~t~a
šinzi	š~i~n+~z~e
tuiba	t~u~i~-i-v~a
serrēnež	s~e~r~r~ē-~n~e-~ž
itkalzinibina	i~t~k~a~l+~z~i-~n~e~-~ve-~n~a
indannim	i~n~d-i-~a~n~n~i=~m
šīel	š~ī~-i=~l
āġri	a~ġ~r~i
ḫažaštili	ḫ~a~ž-~a~š~t-~i-~l~e
itkula	i~t~k~-o~l-~a
pāžia	f~ā~ž~i-i-~a
forima	f~o~r-~i=~m~a
taržuwannibi	t~a~r~ž~u~w~a~+~n~i~-~ne-ve
šāġari	š~ā~ġ+~a~r+~i
ḫižma	ḫ~i~ž~m-~a
nurandiġinina	n~u~r~a~n~d~i~ġ~i-~n~~n~a
pirrib	p~i~r~r-~i-~b
kūdaīž	k~u~d-i-~a~i-~ž
foruššuenim	f~o~r-~u~š~š~-o-~e~n-~i=~m
alēōb	a~l~ē~-~o-m
pellēni	p~i~l~l~e-~n~e-e
kalbuġēda	k~a~l~b~-o~ġ~-e~d-~a
ūlluž	ū~l~l~u-~ž
ōrdōž	ō~r+~d~-o-e~ž
tarže	t~a~r~ž~e
passa	p~a~s~si-~a
aga	a~gi-~a
šīri	š~ī~r-~i
agi	a~g~i
pendiža	p~e~n~d-~i~ž-~a
sugmuštab	s~u~g~m-~u~š~t-~a-~b
ḫāžažib	ḫ~a~ž-~a~ž-~i-~b
ižīma	i~ž~i-i=~m~a
meġa	m~e~ġ-~a
nelġa	n~e~l~ġi-~a
erāna	e~r+~ā~n~a
maġōrri	m~a~ġ~ō~r~~i-ne
pugulba	p~u~g~u~l~bi-~a
madla	m~a~d-~l-~a
āštenna	ā~š~t~e-i-~n~n~a
tūnidu	t~ū~n-~i~d~-o
uraēna	u~r~a~ē-~n~a
šōniba	š~ō+~n~i~-i-v~a
taripti	t~a~r+~i+~p~t+~i
tilulōštab	t~i~l~+o~l~-o~š~t-~a~w
ḫižmūža	ḫ~i~ž~m~+o+~že-~a
idibi	i~d~i~-~i-ve
alāži	a~l~ā~ž~e
pāttarrēda	p~ā~t~t~a~r~i~-ne-~d~a
pindab	p~e~n~d-~a-~b
mūnuriminida	m~ū~n~u~r~i~m~i-~n~e-~d~a
kapša	k~a~p~ši-~a
talaštāw	t~a~l-~a~š~t~-a~w
temmāni	t~e~m~m+~ā+~n~i
uētta	uw+~ē~t~t-~a
ḫalmināžuž	ḫ~a~l+~m~i-~n~a-a~ž~-o~ž
uminnāža	o~m~i~ni-~n~a-a~ž-~a
pōruštugariža	f~~r~-o~š~t-~u~g~a~r-~i~ž-~a
tidištēdi	t~ī~d-~i~š~t~-e~d-~i
teḫpa	t~e~ḫ~pi-~a
tālia	t~a~le-~i-~a
kažalla	k~a~ž~~l~i-n~a
uriba	o~r~i~-i-v~a
marninel	m~a~r~n~e-~n~e-e=~l
arūžušši	a~r~-o~ž~-o-~š~š~e
aštenna	ā~š~t~e-~n~n~a
ḫerāri	ḫ~e~r+~ā~r+~i
āmi	ā~m~i
egōna	e~g+~ō+~ni-~a
šindiž	š~i~n~d-~i-e~ž
eženišša	e~ž~e-~n~e~-~ž=nn~a
egušši	e~g~+o+~š~š~e
mana	m~a~n-~a
udipšarin	o~d~i~p.~š~a~rr~i-~n
ḫōenēmma	ḫ~ow~e+~n~i-e=~m~m~a
ḫirīdi	ḫ~i~r+~ī~d~i
pilāġižiliġa	p~i~l+~ā~ġ+~i~+~šše+~l~i+~ġe-~a
ušturab	o~š~t-~u~r-~a-~b
fōdu	f~u~d~-o
abi	a~v~i
nagēri	n~a~g~ē~r~i
kakkariani	k~a~k~k~a~r~i-i-~a~n~e
taššāmib	t~a~š~š~ā~m~i~-v
tāġibi	t~ā~ġ~e~-~ve
tebi	t~i~v~e
ēbrež	e~~r~i-i-~ž
kibuppu	k~e~v-~u~f~f~u
firiški	f~i~r+~i~š~k~i
ivā	i~v~i-a
karēnažuž	k~a~r~e-~n~a-a~ž~-o~ž
ḫinzurinna	ḫ~i~n~z~o~r~i-~n~n~a
evarži	e~v+~a~r+~ž~e
pidia	p~i~d-~i-~a
umbašši	tu~p~p+~a+~š~š~e
nakkima	n~a~k~k-~i=~m~a
kumarvenel	k~u~m~a~r~v~e-~n~e-ž=~l
kirāži	k~e~r+~ā+~ž~e
ḫōbānab	ḫ~ō~b~-a~n-~a-~b
ḫaidu	ḫ~a-~i~d~-o
tē	t~ēi
ažiwlai	a~ž~i~-o-~l-~a~i
ḫāiži	ḫ~ā+~i+~ž~e
edida	i~d~i-i-~d~a
šeġalulāešša	š~e~ġ~a~l~-o-~l~-~a~i~-ž=nn~a
turba	t~o~r~v-~a
pabanni	p~a~b~a~+~n~i
navari	n~a~v~a~r~i
ḫižma	ḫ~i~ž~mi-~a
kīdāvae	k~ī~d~ā~vi-~a~e
ḫuiššeni	ḫ~o+~i+~š~š~e-~n~e
ḫerinež	ḫ~e~r~i-~n~e-~ž
ideppa	i~d~i~-~v-v~a
itkian	i~t~k-~i-~a=a~n
šadna	š~a~d~ni-~a
pandiažal	f~a~n~d~i-i-~a~ž-~a=~l
kiverra	k~e~v~~r~i-n~a
ḫawsuġa	ḫ~a~u~z~-o~ġ-~a
tēa	t~ē~a
šimigi	š~i~m~i~g~e
puenāžuž	p~ow~e-~n~a-a~ž~-o~ž
tāwumballa	t~ā~-~u~m~b-~a=~l~l~a
šerminġinež	š~e~r~m~i~n+~ġ~e-~n~e-~ž
sīani	s~i-i-~a~n~e
šigadibam	š~i~g+~a~d~i~-i-v~a=~m
ēḫḫinež	ē~ḫ~ḫ~i-~n~e-~ž
šīwullēm	š~ī~ū~~l~i~-ne-e=~m
ḫōpten	ḫ~ō~p~-d-i-~e~n
kudunib	k~u~d~u~n~i~-v
enima	e~n~i=~m~a
munġīe	m~u~n~ġ~-i-~en
egini	e~g~i-~n~e
šerġuž	š~e~r+~ġ~e-o~ž
ukku	u~k~k~-o
taššāmmiž	t~a~š~š~ā~m~~i-~ž
pāġidi	p~ā~ġ-~i~d~-en
ummana	u~m~m~a~ni-~a
tīa	t~e-i-~a
ani	a~n~i
ḫavorunni	ḫ~a~v~o~r~+~ni-~n~e
naḫḫubaduž	n~a~ḫ~ḫ~+~o+v~a~d~e-o~ž
ḫilde	ḫ~i~l-i~d-~en
ānžalāl	ā~n~ž+~a~l~i-a=~l
pārizinivinama	p~ā~r~i~z~i-~n~e-~v~e-~n~a=~m~a
mažagum	m~a~ž-~a~g~-o-~m
teġida	t~e~ġ~-e~d-~a
sigrōšḫinenna	s~i~g~r+~ō+~š~ḫ~e-~n~e-e=~n~n~a
ḫenzādu	ḫ~e~n~z+~ā~d-~u
azusḫa	a~z~u~s~ḫi-~a
naēnāža	n~a~īa-~n~a-a~ž-~a
ḫōbiž	ḫ~ō~b-~i-e~ž
išteni	i~š~t~e~n~i
tarmanni	t~a~r~m+~a~+~n~i-ne
faġraži	f~a~ġ~r+~a+~ž~e
ūrġi	ū~r~ġ~i
šeēnāžuž	šiy~e~-~n~a-a~ž~-o~ž
pāttīvorriva	p~ā~t~t~ī~v~o~r~~i-ne-~v~a
urel	o~r~i-i=~l
egudutki	e~g+~u~d+~u~t+~k~i
šundinna	š~u~n~d~i+~ni-~n~a
tunuwarriž	t~u~n~u~w~a~r~~i-ne-~ž
tamarra	t~a~m+~a~r~+i-n~a
itkōli	i~t~k~-o~l-~i
farižanna	p~~r-~i~ž-~a=~n~n~a
uīž	u~wi-~ž
tāduġeba	t~a~d~o~.ḫ~e~b~a
ḫārāpḫāi	ḫ~ā~r~+~a~+~ġ~e-ve-ae
mānga	m~ā~n+~g+~a
kāžukku	k~ā~ž~-o-~k~k~o
ēblan	ē~b~l~a=~n
ila	i~li-~a
sōīb	s~ō~-i-~b
sāzulilida	s~ā~z~-o~l-~i~l~-e~d-~a
šarriniba	š~a~r~r~i-~n~e~-v~a
aru	a~r~-o
šattaġamōra	š~a~t~t~a~ġ~a~m~ō~ri-~a
šavōžiniva	š~a~v+~ō+~ž~e-~n~e-~v~a
fogāda	f~o~g~-a~d-~a
kalōvadi	k~a~l~-o-~v~a~d~e
annel	a~n~n~i=~l
abalġāe	a~b~a~l+~ġ~e-a~e
annim	a~n~n~i=~m
nīnubapḫi	n~i~n~u~w~a~-~ġ~e-ve
faikkimān	f~a-~i-~k~k~i=~m~ā~n
ibini	i~b~i-~n~e
šāra	š~ā~r-~a
ḫellamōla	ḫ~i~l~l-~a~m~-o~l-~a
ardēn	a~r~d~e-~n
pabannažuž	p~a~b~a+~ni-~n~a-a~ž~-o~ž
kulziž	k~u~l~z~i-i-~ž
ubilbaeži	u~b~i~l~b~a~e~ž~i
fāžanni	f~ā~ž~a~ni-~n~e
ḫebapti	ḫ~e~b~a~d~-~ve
taržuwāni	t~a~r~ž~u~w~a+~n~i
utḫarra	u~t~ḫ~a~r~i-n~a
aġrinninibinida	a~ġ~r+~i+~n~n~i-~n~e~-~ve-~n~e-~d~a
kužuškuženie	k~u~ž+~u+~š~k~+o+~ž~e-~n~~e
pāirra	p~ā~i~r~i-n~a
ḫiaruḫḫināža	ḫ~i+~a~r~+o+~ḫ~ḫ~e-~n~a-a~ž-~a
šūgatteni	š~ū~g~a~t~t~e-~n~e
šubribiniba	š~u~b~r~i~-~ve-~n~e~-v~a
tivušḫini	t~i~v~+o+~š~ḫ~i-~n~a
eġari	e~ġ~a~r~i
padni	p~a~d~n-~i
šēġali	š~e~ġ~a~l~i
mužuniž	m~u~ž~o~n~i-~ž
uwamuwā	u~w~-~i~~~
telumma	t~e~l~-o-~m=~m~a
ḫupši	ḫ~u~p~š~i
miržāe	m~i~r~ž~i-a~e
fēluž	f~ē~l~-o-e~ž
ḫavārri	ḫ~a~v+~ā~r~+~i-ne
nerubādi	n~i~r~+o+~b~ā~d~e
egunninin	e~g~+o+~n~n~i-~n~e-~n
uri	o~r~i
šuppaššab	š~u~p~p+~a+~š~še-~a~=m
šīrna	š~ī~r+~ni-~a
munuġuželāi	m~u~n~-o~ġ~-o~ž~-i-~l~-a~i
āšḫiniba	ā~š~ḫ~i-~n~e~-v~a
tarbu	t~a~r~b~-o
keššenidal	k~e~š~š~e-~n~e-~d~a=~l
nāli	n~ā~l-~i
aimān	a~i=~m~=a~n
kūninin	k~u~n~e-~n~e-e=~n
ažāl	a~ž~i-a=~l
kēlula	k~ē~l~-o~l-~a
eguššuž	e~g~+o+~š~š~-o-e~ž
sikkōġa	s~i~k~k~+o+~ġe-~a
malladael	m~a~l~l+~a~de-~a~e=~l
ḫanibāe	ḫ~ā~n~i~-~v~e-ae
futkib	f~u~t+~k~i~-v
uba	u~b-~a
allanōḫḫi	a~l~l~a+~n~+o+~ḫ~ḫ~e
ušḫuluppu	u~š~ḫ~-o~l-~u~f~f~u
nakkidāōž	n~a~k~k~-e~d~-~aw-~ž
šāžarri	š~a~ž~a~r~~i-ne
agidu	a~g-~i~d~-o
ḫenzā	ḫ~e~n~z~i-a
āššaežal	ā~š~š-i-~a~i-~ž-~a=~l
paḫḫirāžuž	p~a~ġ~ar~i~-~na-a~ž~-o~ž
ēlmina	e~l~m~i-~n~a
irdi	i~r~de-~i
ḫarġaraima	ḫ~a~r~ġ~a~r~a~i=~m~a
pālikkamma	p~a~l-~i-~k~k~i=~m~m~a
šalġōla	š~a~l~ġ~-o~l-~a
naḫḫab	n~a~ḫ~ḫ-~a-~b
pōrullin	f~ō~r~o~l~~i-~ne-n
šummin	š~u~m~m~i-~n
šummin	š~u~m~m~i+~n
kēnnādal	k~ē~n~n~-a~d-~a=~l
šiġalam	š~e~ġ~a~l-~a=~m
pēšša	f~ē~-~ž=nn~a
talmaštīli	t~a~l~m-~a~š~t~-i-~l~e
ḫažarrāe	ḫ~ā~ž+~a~r~r~i-a~e
šavadnimma	š~a~v~a~d+~n~i=~m~m~a
egināžuž	e~g~i-~n~a-a~ž~-o~ž
kablāi	k~a~b~l~~i-ae
kešše	k~e~š~š~e
ḫamaziažidan	ḫ~a~m~a~z+~i+~a~+~šše-~d~a~n
sammalaštuž	s~a~m~m+~a~l-~a~š~t~-o-e~ž
kurannia	k~u~r+~a+~n~n~i-i-~a
kišḫi	k~e~š~ḫ-~i
šīelva	š~ī~~l~vi-~a
šūla	š~ū~li-~a
unam	u~n-~a=~m
paġruž	f~a~ġ~r~i-o~ž
ura	u~r-~a
ižikkunna	i~ž+~i~k~k~+o+~n~ni-~a
šīnunaġi	š~ī~n~u~n~a~ġ~i
ūššīd	ō~š~š~-i=~d
abundišši	a~b~u~n~d~i-~š~š~i
itkalzi	i~t~k~a~l+~z~i
ḫirinnel	ḫ~i~r~i+~ni-~n~e-e=~l
kapšuġāma	k~a~p~š~-o~ġ~-a=~m~a
ardebāi	a~r~d~e~-~v~e-ae
āmba	ā~m~bi-~a
ninuwava	n~i~n~u~w~a-~v~a
šidarbu	š~i~d~a~r~b~u
pāinnia	p~a~i~ni-~n~e-v~a
tūdiguž	t~ū~d~i+~g~i-o~ž
suwaḫḫu	s~u~w~a~ḫ~ḫ~u
teunāe	t~e~+o+~n+~ā~e
taržuwanniba	t~a~r~ž~u~w~a~+~n~i~-ne-v~a
tōniliffa	t~o~n-~i-~l~e=~f~f~a
nivōžellandin	n~i~v~-o~ž~-i~l~l-~a~n~d-~i-~n
šīenaēl	š~iy~e-~ne-~a~e=~l
ḫāri	ḫ~ā~r-~i
umbašši	tu~p~p-~a-~š~š~e
nōriġini	n~o~r+~i+~ġ~e-~n~e
attubadenež	a~t~t~+o+~b~a~d~e-~n~e-~ž
enigaldi	e~nn~i~g~a~l~d~i
ābri	a~b~r~i
pēġulaballa	p~ē~ġ~-o~l-~a-~b-~a=~l~l~a
nakkašḫam	n~a~k~k+~a+~š~ḫe-~a=~m
ubukku	u~b~-o-~k~k~o
everinžippininim	e~v~~r+~i~n+~ž~e~-~v~-ve-~n~e-~n~e=~m
tullibina	t~u~l~~i~-~ne-ve-~n~a
tōġalziniž	t~ō~ġ~a~l+~z~i-~n~e-~ž
šīaiašši	š~ī~a~i~a~š~š~e
pāġōža	p~ā~ġ~-o~ž-~a
āġribuž	a~ġ~r~i~-~ve-o~ž
šeġurninni	š~e~ġ~o~r+~n+~i+~n~n~i
niga	n~i~g-~a
purranna	p~u~r~r~a-~n~n~a
ižibāin	i~ž~i~-~v~e-ae=~n
ugulzib	u~g~+o~l+~z-~i-~b
taptani	t~a~p~t+~a+~n~i
kibōliž	k~e~v~-o-~l~-e~ž
tažmižarrida	t~a~ž~m~i~.š~a~r~r~i-~d~a
amulūdōm	a~m~-o~l~-u~d~-o-~m
kūdadena	k~ū~d~a~d~e-~n~a
kādōva	k~a~d~-~u-~a
itkaštab	i~t~k-~a~š~t-~a-~b
nigalluwe	n~i~g~a~l~l~u~-v~e
niġarra	n~i~ġ~a~r~i-n~a
kibli	k~e~b+~l~i
ḫōdena	ḫ~ō~d~e-~n~a
tālāl	t~a~l~-a=~l
tatḫundōrinamma	t~ā~t~ḫ+~u~n~d+~ō+~r~e-~n~a=~m~m~a
taptani	t~a~p~-d-~a~n-~i
ažugallēni	a~ž~u~g~a~l~i~-~n~e-ne
fōril	f~o~r-~i=~l
kirġe	k~i~r~ġ~e
ela	e~li-~a
ḫiliġini	ḫ~i~l+~i+~ġ~e-~n~e
piġīe	p~i~ġ~i-i-~e
egōššōla	e~g~+o+~š~š~-o~l-~a
iškiniaž	i~š~k~i+~n~i-i-~a~ž
niġarži	n~i~ġ~a~r+~ž~e
irdi	i~r~d-~i
avarribina	a~v~a~r~~i~-~ne-ve-~n~a
eġlibinida	e~ġ~l~i~-~ve-~n~e-~d~a
ḫibarni	ḫ~i~b~a~r+~n~i
pendu	p~e~n-~d~-o
pīarida	p~ī~a~r-~i~d-~a
šapḫaldib	š~a~p~ḫ~a~l~d~i~-v
talīa	t~a~l~-i-~a
anaulēž	a~n~a~-o-~l~-e~ž
šōġurri	š~ō~ġ~o~r~~i-ne
šeġellibinažuž	š~e~ġ~~l~~i~-~ne-ve-~n~a-a~ž~-o~ž
sikkulli	s~i~k~k-~u~l~l~i
kadulli	k~a~d~-~o~l-~i-le
māli	m~ā~l-~i
kikkunimma	k~i~k~k~+o+~n~i=~m~m~a
taballiž	t~a~b~a~+~l~i-ne-~ž
fōril	f~ō~r~i-i=~l
tīda	t~i~di-~a
ḫuldib	ḫ~u~l-~d-~i-~b
alamuž	a~l~a~m~i-o~ž
ḫažarrež	ḫ~ā~ž+~a~r~+i-n~e-~ž
kōmura	k~ō~m-~u~r-~a
murriniba	m~ō~r~r~i-~n~e~-v~a
tarinnima	t~a~r+~i+~n~n~i=~m~a
tādareški	t~ā~d+~a~r+~e+~š~k~i
fogāda	f~o~g+~ā~di-~a
iraduž	e~r~a~d~e-o~ž
pārila	p~ā~r~i~li-~a
itkidannim	i~t~k-~i~d-~a~n~n~i=~m
ḫōdurum	ḫ~ō~d-~u~r~-o-~m
pāndib	f~~n~d~i~-v
uri	u~r-~i
šagužellandin	š~a~g~-o~ž~-i~l~l-~a~n~d-~i-~n
ažōġinel	a~ž~+o~ġ~i-~n~e-ž=~l
nēlaban	n~ē~l-~a-~b=~a~n
pāššitḫād	p~ā~š~š+~i+~t~ḫ~e-a=~d
taženi	t~a~ž~e-~n~e
ittūbin	i~t~t~ū~b~i-~n
eġepšullima	e~ġ+~e~p~š-~u~l~l~i=~m~a
kibi	k~e~v~i
ḫilde	ḫ~i~l~d~e
puramdi	p~u~r~a~n~d~i
šukka	š~o~k~ko-~a
ḫelōva	ḫ~e~l~ō~vi-~a
nōġaššeni	n~ō~ġ~a~š~š~e-~n~e
fāġri	f~a~ġ~r-~i
ḫattuġe	ḫ~a~t~t~+o+~ġ~e
tōruḫḫāe	t~o~r~+o+~ḫ~ḫ~e-a~e
itkulda	i~t~k~-o~l-~d-~a
mānura	m~ā~n~+o+~re-~a
ḫuwe	ḫ~u~w~e
kirarinnilam	k~i~r+~a~r+~i+~n~n~i-i=~l~=~m
šidarna	š~i~d+~a~r+~ni-~a
ḫaššiadināža	ḫ~a~š~š~i~a~d~i-~n~a-a~ž-~a
šēže	š~ē~ž~ē
katki	k~a~t+~k~i
kibure	k~e~v~+o+~r~e
ēbrinniba	ev~e~r~+~ni-~n~e~-v~a
suġri	s~u~ġ~r~i
māmurinibi	m~ā~m~+o+~r~e-~n~e~-~ve
ižuġna	i~ž~u~ġ+~ni-~a
itkudutki	i~t~k+~u~d+~u~t+~k~i
ḫurida	ḫ~ō~r~i-i-~d~a
ḫōbēdi	ḫ~ō~b~-e~d-~i
āšḫīma	ā~š~ḫ~i-i=~m~a
šeštena	š~e~š~t~i-~n~a
pindilivaž	p~e~n~d-~i-~l~-e~v~a-~ž
šaderida	š~a~d~e~r~i-~d~a
faġruži	f~a~ġ~r~+o+~ž~e
nūdu	n~ū~d~-o
ḫassin	ḫ~a~s~s~ī-~n
tunuštu	t~o~n~-o~š~t~-o
šerrin	š~ē~r~~i-~ne-n
ḫiarrež	ḫ~i~a~r~i-n~e-~ž
arda	a~r~de-~a
nelġa	n~e~l~ġ-~a
pendūġa	p~e~n~d~-o~ġ-~a
ḫōdannida	ḫ~ō~d+~a+~n~n~i-~d~a
ulluġēdi	o~l~l~-o~ġ~-e~d-~i
kadiōššina	k~a~d-~i~-o-~š~š~e-~n~a
maruda	m~a~r-~u~d-~a
nōial	n~o~i-~a=~l
paġēda	p~ā~ġ~-e~d-~a
ḫōmni	ḫ~ō~m~n~i
arūlāuž	a~r~-u~l~-~aw-~ž
taduġebāba	t~a~d~o~.ḫ~e~b~a~-v~a
fōrālīzie	f~ō~r~+a~l~l~+~i+n+z~e
šialužum	š~i~a~l~-o~ž~-o-~m
ammužima	a~m~m~-o~ž-~i=~m~a
šinutḫina	š~i~n~u~t~-~ġe-~n~a
ḫāž	ḫ~a~-a
kīrenzamma	k~i~r~e+~n+~ze-~a=~m~m~a
nēla	n~ē~li-~a
sablōžu	s~a~b~l~-o~ž~-o
ideppūda	i~d~i~-~i~ffu-~d~a
šelluġlupšenie	š~e~l~l~+o+~ġ+~l~+o+~p~š~e-~n~~e
ḫumaruġinan	ḫ~ō~m+~a~r~+~o~+ḫḫe-~n~a=a~n
ḫōmmāruḫḫināža	ḫ~ō~m~+~a~r~+o+~ḫ~ḫ~e-~n~a-a~ž-~a
ištennanan	i~š~t~e=~n~n~a=~n~a~n
fēnāna	f~ē~n+~ā+~ni-~a
tōmmušše	t~ō~m~m~o+~š~š~e
šugārdedāwul	š~u~g+~ā~r~d-~e~d~-a~w~=~l
pussa	p~u~s~s-~a
pēbi	f~ē~-~ve
madaffa	m~ā~di-~a=~f~f~a
kangalbālla	k~a~n~g~a~l~v~i-a=~l~l~a
ediaža	i~d~i-i-~a~ž-~a
miržāe	m~i~r~ž~-~i-ai
šubribima	š~u~b~r~i~-~ve=~m~a
tedevaduḫḫa	t~i~d~+i+~v~a~d~+o+~ḫ~ḫe-~a
šeġōnāža	š~e~ġ~ō~n~i-na-a~ž-~a
talmōla	t~a~l~m~-o~l-~a
talippa	t~a~l-~i~-~b=m~a
tabrēnni	t~a~b+i+~r~ē+~n~n~i
naḫḫuža	n~a~ḫ~ḫ~+o+~že-~a
mēgummi	m~ē~g-~u~m~m~e
šeġalulaēž	š~e~ġ~a~l~-o-~l-~a~i-~ž
arulli	a~r~u~l~~i-ne
ēbla	ē~b~l~a
illaiaġe	i~l~l~a~i~a-~ġ~e
sāllava	s~ā~l~l~a~vi-~a
šurakkanna	š~u~r~a~k~k+~a+~n~ni-~a
itḫiniž	i~t~ḫ~i-~n~e-~ž
ḫillamen	ḫ~i~l~l~a~m~e-~n
šarrināže	š~a~r~r~i-~n~a-a~ž-v~e
piga	p~i~gi-~a
pāriža	p~ā~r+~i+~že-~a
šīb	š~ī-i-~b
murġulišta	m~u~r~ġ~-o~l-~i~š~t-~a
palaġa	p~a~l~a~ġi-~a
azallaenen	a~z~a~l~l~a~e-~n~e-~n
ananešḫiani	a~n+~a~n+~e+~š~ḫe-~i-~a~n~e
keldāi	k~e~l+~d~~i-ae
kūžuġ	k~u~ž~u~ġ
kešḫi	k~e~š~ḫ~i
šiwumballa	š~i~-~u~m~b-~a=~l~l~a
ḫārri	ḫ~ā~r~~i-ne
šāli	š~ā~l-~i
unīdu	u~n~-i~d~-o
ummana	u~m~m-~a~n-~a
ibrinza	e~~r~e~n+~ze-~a
pudūlimaššinaža	f~u~d~+o~l+~i+~m+~a+~š~š~e-~n~a-a~ž-~a
šōra	š~ō~ri-~a
tādinibād	t~ā~d~i-~n~e~-~va=~d
inumma	i~n~u=~m~m~a
pēdaruž	p~e~d+~a~r~+i-o~ž
pāġružini	f~~ġ~r~+o+~ž~e-~n~e-e
kēbillāžuž	k~e~b~+~l~i~-na-a~ž~-o~ž
aluwīb	a~l~u~-~i-~b
naḫḫilāi	n~a~ḫ~ḫ-~i-~l~-a~i
nabarvināžuž	n~a~b~a~r~b~i-ve-~n~a-a~ž~-o~ž
tarni	t~a~r~n-~i
sāžulia	s~ā~z~-o~l-~i-~a
šūpta	š~ū~p~-d-~a
tuffaēšḫema	t~u~f~f~a~ē+~š~ḫ~e=~m~a
apšena	a~p~š~e-~n~a
šīri	š~ī~r~i
elaminēve	e~l~a~m~i-~n~e-~v~e
ḫōmnummi	ḫ~ō~m~n-~u~m~m~e
ḫannibāe	ḫ~a~n~n~i~-~v~e-ae
fēḫḫēda	f~ē~ḫ~ḫ~-e~d-~a
adīrġa	a~d~ī~r+~ġe-~a
fōri	f~o~r-~i
ḫavōrnuž	ḫ~a~v~o~r+~n~i-o~ž
kēažima	k~i~a~ž~e=~m~a
urukku	u~r~-o-~k~k~o
sōpḫōra	s~ō~p~ḫ~ō~ri-~a
ḫullurēva	ḫ~u~l~l~+o+~r~e-i-~v~a
tagulaēž	t~a~g~-o-~l-~a~i-~ž
mužōlōm	m~ū~ž~-o~l~-o-~m
ḫōlliaž	ḫ~ō~l~l~i-i-~a~ž
ḫōmbārži	ḫ~o~m~b~+a~r+~ž~i
ārdibinešša	a~r~d~e~-~i-ve-~n~e~-~ž=nn~a
egai	e~gi-~a~e
kammanġiani	k~a~m~m+~a~n+~ġe-~i-~a~n~e
teššeni	t~e~š~š~e+~n~i
kivōrġēnivōž	k~i~v+~ō~r+~ġ~ē-~n~e-~v~e-o~ž
izōzi	i~z~u~z~i
itkundaššinama	i~t~k-~u-~n~d-~a-~š~š~e-~n~a=~m~a
uīb	u~w~i-v
šukku	š~o~k~k~o
šendena	š~i~n~d~i-~n~a
manza	m~a~n-~z-~a
nānidi	n~ā~n~-e~d-~i
ḫāri	ḫ~ā~r~i
ibāi	i~b~~i-ae
miluladilāe	m~i~l~-o~l-~a~d-~i-~l~-~ai
salma	s~a~l~mi=m~a
andi	a~n~d~i
ururmilīaž	o~r~u~r~m~i~l~i-i-~a~ž
kuruppa	k~u~r~u~p~pi-~a
abiaža	a~v~e-~a~ž-~a
ḫāžažilēž	ḫ~a~ž-~a~ž-~i-~l~-e~ž
šukkuttatta	š~u~k~k+~u~t~ti-~a=~t~t~a
aġarri	a~ġ~a~r~r~i
kulōrum	k~u~l~-u~r~-o-~m
ažurež	a~ž~-o-~r~e-i-~ž
kādāšti	k~a~d~-a~š~t-~i
tarria	t~a~r~r-~i-~a
pairibuwi	p~a+~i+~re-~i~ff~u~-~ve
tāġiniba	t~ā~ġ~e-~n~e~-v~a
ulaffa	o~li-~a=~f~f~a
amumām	a~m~+o+~m~i-a=~m
šattub	š~ā~t~t~-~o-m
agōža	a~g~-o~ž-~a
taržuwannažuž	t~a~r~ž~u~w~a+~ni-~n~a-a~ž~-o~ž
aštuḫḫina	a~š~t~+o+~ḫ~ḫ~e-~n~a
šinurġina	š~i~n~u~r~ġ~i-~n~a
šuratḫiniž	š~u~r+~a+~t~ḫ~e-~n~e-~ž
šēġadulimaššinama	š~ē~ġ+~a~d+~u~l+~i+~m+~a+~š~š~e-~n~a=~m~a
sīgila	s~ī~g-~i~l-~a
ḫāvōrunnīra	ḫ~a~v~o~r~+~ni-~n~e-~r~a
ušḫuni	o~š~ḫ~o+~n~i
tādiašši	t~ā~d+~i+~a+~š~š~e
mānnin	m~ā~n~n~e=~n
ḫaiġi	ḫ~a+~i+~ġ~e
marešḫi	m~a~r~+i+~š~ḫ~e
ḫabalgi	ḫ~a~b~a~l~g~i
fāġra	f~a~ġ~ri-~a
ebāe	e~b~i-a~e
ūlvinēma	o~l~v~i-~n~e-e=~m~a
ōrdab	ō~r+~d-~a-~b
ḫinzida	ḫ~e~n~z~i-i-~d~a
agunna	a~g~-o=~n~n~a
agūrna	a~g+~ū~r+~ni-~a
natḫinen	n~a~t~ḫ~i-~n~e-~n
surōža	s~u~r~-o~ž-~a
fāžu	f~a~ž-~u
kumarvenež	k~u~m~a~r~v~e-~n~e-~ž
aigalduba	a~i~g~a~l~d~u~-v~a
ḫāuži	ḫ~a~-o~ž-~i
šeġurnibini	š~e~ġ~o~r+~n~i~-~ve-~n~e-e
ava	a~vi-~a
fāzanigarvaž	f~ā~z~a~n~i~g~a~r-~ve-~a~ž
agidōri	a~g-~i~d~-o-~r~e
kulzinež	k~u~l~z~i-~n~e-~ž
ōrginin	ō~r~g~i-~n~e-~n
tāndu	t~ā~n-~d~-o
āššiden	ā~š~š-~i~d-~e~n
ebirni	e~v~e~r+~n~i
ḫatḫēda	ḫ~a~t~ḫ~-e~d-~a
fadeġib	f~a~d~e~ġ~i~-v
kešḫīda	k~e~š~ḫ~i-i-~d~a
abiġarrivenella	a~b+~i~ġ+~a~r~+~i-ne-~v~e-~n~e-e=~l~l~a
kirarinna	k~i~r+~a~r+~i+~n~ni-~a
ēppiri	ē~p~p+~i+~r~e
pāġida	p~ā~ġ~i-~d~a
malvāži	m~a~l~v~ā~ž~i
pāġiaža	p~ā~ġ~i-i-~a~ž-~a
mala	m~a~li-~a
šerrāža	š~ē~r~i~-na-a~ž-~a
āmba	ā~m~b-~a
šōeni	š~ō~e-~n~e
eġilli⸢fa⸣ašša	e~ġl-~i~-~l~-~e~v~a~-~ž~=~nn~a
kišḫiažal	k~e~š~ḫ~i-i-~a~ž-~a=~l
nēlla	n~ē~l~i-n~a
ideba	i~d~i~-i-v~a
tōġadumanni	t~ō~ġ+~a~d~+o~m+~a~+~n~i-ne
paliu	p~a~l-~i~-o
tagiže	t~a~g~e+~ž~e
ḫaziana	ḫ~a~z~i~a~ni-~a
sabarri	s~a~b~a~r~~i-ne
attaibinešša	a~t~t~a+~i~-~i-ve-~n~e~-~ž=nn~a
šēġalana	š~ē~ġ~a~l~a-~n~a
šilaluġinida	š~i~l~a~l~u~ġ~i-~n~e-~d~a
avallivena	a~v+~a~l~+~i-ne-~v~e-~ne-~a
ōnduma	o~n~d~u=~m~a
ažaštilib	a~ž-~a~š~t-~i-~l~e~=m
piari	p~ī~a~r~i
šaballi	š~a~v~~l~~i-ne-e
ānzamma	a~n~z-~a=~m~m~a
ideb	i~d~i~-v
šūrbēnež	š~ū~r~b~ē-~n~e-~ž
ḫāvōžina	ḫ~ā~v+~ō+~ž~e-~n~a
ḫōrida	ḫ~ō~r~i-~d~a
ežene	e~ž~e-~n~e
ḫubuštab	ḫ~u~b-~u~š~t-~a~w
šablāe	š~a~v~l~i-a~e
tumnadinella	t~o~m~n+~a~d~i-~n~e=~l~l~a
māmmurinie	m~a~m~m~+o+~r~e-~n~e-~e
ḫažimarri	ḫ~a~ž~i~m~a~r~~i-ne
elabae	e~l~a~-ve-~a~e
murrāe	m~u~r~r~i-a~e
pāžēni	p~ā~ž~e-e-~n~e
uġōššāi	o~ġ+~ō+~š~š~e~-ae
urida	o~r~i-i-~d~a
agappa	a~g-~a~-~b=m~a
agi	a~g~i
ūrġāb	ū~r~ġ~i~-a=v
itkalzibināža	i~t~k~a~l+~z~i~-~ve-~n~a-a~ž-~a
itkalza	i~t~k~a~l+~zi-~a
nōġinduž	n~ō~ġ-~i~n~d~-o-e~ž
itkalzibinažadel	i~t~k~a~l+~z~i~-~ve-~n~a-a~ž-~a=~d~i~l
ērbi	e~r~v~i
ḫōrraža	ḫ~ō~r~i-n~a-a~ž-~a
tivāḫtu	t~i~v~-~a~ġ~-id-o
kōmura	k~ō~m~u~ri-~a
ištanida	i~š~t~a~n~i-i-~d~a
šāri	š~ā~r~i
enad	e~n-~a=~d
ēkkinēn	ē~k~k~e-~n~e-~n
inūru	i~n~-u~r~-o
ḫellib	ḫ~i~l~l-~i-~b
mānuda	m~a~n~-o~d~a
tēġida	t~e~ġ~i~di-~a
iġārrin	i~ġ~a~r~~i-~ne-n
našpa	n~a~š~pi-~a
šilumōtḫeb	š~i~l+~u~m+~ō+~t~ḫ~e~=m
munġīe	m~u~n~ġ~i-~e
abēd	a~v~e-ž=~d
tōri	t~ū~r~i
pāra	p~ā~r-~a
issēdi	i~s~s~-e~d-~i
kamveda	k~a~m~v~e-~d~a
uruġeda	u~r~-o~ġ-~e~d-~a
nērara	n~e~r~a-~r~a
kižarženež	k~i~ž+~a~r+~ž~e-~n~e-~ž
šela	š~e~li-~a
kēda	k~ē~di-~a
šīġāvenažan	š~ē~ġ~a-~v~e-~n~a-a~ž-~a=a~n
īnippinid	ie~n~i~-~v~-ve-~n~e-e=~d
kulvenāma	k~u~l~v~e-~n~a=~m~a
kumarbiž	k~u~m~a~r~v~e-~ž
āštippa	ā~š~t~e~-~v=m~a
abrām	a~b~r~i-a=~m
paīnninibuž	p~a~ī~n~n~i-~n~e~-~ve-o~ž
ašḫužikkunnida	ā~š~ḫ~+o~ž+~i+~k~k~+o+~n~n~i-~d~a
šukki	š~o~k~k~i
ura	u~ri-~a
ibrinnažuž	ev~e~r~+~ni-~n~a-a~ž~-o~ž
pandarinna	f~a~n~d+~a~r+~i+~n~ni-~a
ava	a~v-~a
kundārrin	k~u~n~d~ā~r~~i-~ne-n
pussa	p~u~s~si-~a
foglāla	f~o~g~l~-a~l-~a
kāde	k~ā~d~e
āšta	ā~š~te-~a
anzīma	a~n~z~i-i=~m~a
ūžia	uw+o+~že-~i-~a
ḫaīb	ḫ~a~-i-~b
tapšab	t~a~p~š-~a-~b
ōštannōġa	ō~š~t+~a~n~n~-o~ġ-~a
ubinež	ov~e~-~n~e-~ž
kivožuž	k~e~v-~o~ž~-o-e~ž
šōnib	š~ō+~n~i~-v
šauškada	š~a~vo~š~k~a-~d~a
karinež	k~a~r~e-~n~e-~ž
nakkiōššunā	n~a~k~k-~i~-o~š~š~o=~n~na
šuġa	š~u~ʾ-~a
ažaštedō	a~ž-~a~š~t-~e~d~-aw
immaškun	i~m~m~a~š~k~u=~n
šōġunnaži	š~ō~ġ~o~ni-~n~a-a~ž~-ve
mēgi	m~ē~g~i
uba	u~bi-~a
adaniašta	a~d~+ā+~n~i-i-~a~ž~-d~a
eda	e~d-~a
fudōštu	f~u~d~-o~š~t~-o
elmi	e~l~m~i
kažlulēž	k~a~ž~l~-o-~l~-e~ž
pulliž	p~u~l~~i-ne-~ž
ānnu	ā~n~n~u
kablāi	k~a~b~l~-~i-ai
šīnimma	š~i~n~i=~m~m~a
ḫilli	ḫ~i~l~l-~i
ḫōbra	ḫ~ō~b~ri-~a
tīva	t~iye-i-~v~a
neššib	n~e~š~š~i~-v
tīb	t~e-i-~b
ḫužūwa	ḫ~ō~ž~-~u-~a
telu	t~e~l~-o
ištuma	i~š~t~ani-o-~m=m~a
ḫiri	ḫ~i~r~i
tanānna	t~a~n~ā~ni-~n~a
ḫažara	ḫ~ā~ž+~a~r+i-~a
niġāri	n~i~ġ~a~r~i
kibe	k~i~pp~e
pārili	p~ā~r~i~l~i
ariliffa	a~r~i~l~i-i~f~fe-~a
tūnāin	t~o~n~-~i-ai-~n
amūminēva	a~m~m+u+~mm~i-~n~e-~v~a
nešḫina	n~e~š~ḫ~i-~n~a
kalūwa	k~a~l~-~u-~a
enummē	e~n~u~m~m~ē
ḫežāla	ḫ~e~ž~ā~li-~a
malāe	m~a~l~i-a~e
purrābi	p~u~r~r~a~-~ve
uruwa	u~r-~u~-~a
abalġad	a~b~a~l+~ġe-~a=~d
kāvāl	k~ā~v~-a=~lla
alvovade	a~l~v+~o+~v~a~d~e
assusḫi	a~s~s~u~s~ḫ~i
ugulgari	u~g~+o~l+~g~a~r-~i
purammippuwan	p~u~r~a+~m~m~i~-~iff~u~-v~a=a~n
murrina	m~ō~r~r~i-~n~a
kādukku	k~a~d~-o-~k~k~o
āššaniba	ā~š~š~a~n~i~-i-v~a
sulōdōēn	s~u~l~+u~d~-~o-e~n
šellini	š~e~l~l~i-~n~e
eġliġi	e~ġ~l+~i+~ġ~e
itkulāuž	i~t~k~-o~l~-~aw-~ž
kišḫiža	k~e~š~ḫ-~i~ž-~a
ubindain	u~b~i~n~di-~a~e=~n
šīġāttāma	š~ī~ġ~-a=~t~t~a=~m~a
itkulēž	i~t~k~-o-~l~-e~ž
faġruža	f~a~ġ~r~+o+~že-~a
kumarbi	k~u~m~a~r~v~e
awtaluman	a~u~d~a~l~u~mm~a=~n
abēdilla	a~v~e-ž=~d~i~l~l~a
tarni	t~a~r~n~i
pella	p~i~l~i-n~a
šidilāi	š~i~d-~i-~l~-a~i
nōvān	n~ō~v~i-a=a~n
kapšuġāl	k~a~p~š~-o~ġ~-a=~l
kibašši	k~e~v-~a-~š~š~e
kērāžuž	k~e~r~-a~ž~-o-e~ž
sītkūli	s~i~t~k~-o~l-~i
uġi	u~ġ~i
itkāl	i~t~k~-a=~l
ḫōdemae	ḫ~ō~d~-i+~m+~a~i
ḫōīb	ḫ~ō~-i-~b
ištani	i~š~t~a~n~i
fudōža	f~u~d+~ō+~že-~a
ḫaburna	ḫ~a~v~o~r+~ni-~a
šumminnam	š~u~m~m~i-~n=~nn~a=~m
ḫōžellāin	ḫ~ō-o~ž~-i~l~l~-~i-ai-~n
kigaduwamma	k~i~g-~a~d-~u~-~a=~m~m~a
aġāštedu	a~ʾ~-a~š~t-~e~d~-o
tūniani	t~ū~n~i-i-~a~n~e
īštennān	i~š~t~e=~n~n~a=a~n
tabirīma	t~a~b+~i+~r~e-i=~m~a
nīnādum	n~ī~n~-a~d~-o-~m
naḫḫili	n~a~ḫ~ḫ-~i-~l~e
šēri	š~ē~r-~i
šullūbri	š~u~l~l~ū~b~r~i
aružellāim	a~r~-o~ž~-i~l~l~-~i-ai=~m
pairima	p~a+~i+~re-~i=~m~a
taġāži	t~a~ġ+~ā+~ž~e
tarve	t~a~r~v~e
šiai	š~iye-~a~e
šadōm	š~a~d~-o-~m
unušḫuž	u~n~+o+~š~ḫ~e-o~ž
nāēnāža	n~ā~ie-~n~a-a~ž-~a
ḫabaḫḫōbada	ḫ~a~b+~a~ḫ~ḫ+~ō+~b~a~de-~a
malāe	m~a~l~-~i-ai
šialiribuwi	š~i~a~l-~i-~re-~i~ff~u~-~ve
šeġla	š~e~ġ+~l-~a
sabri	s~a~b~r~i
kilānab	k~i~l+~ā~n-~a-~b
taržuwanažāe	t~a~r~ž~u~w~a+~ni-n~a-a~ž~-v~e-ae
šārinevi	š~ā~r~i-~n~e-~v~e
kadilēž	k~a~d-~i-~l~-e~ž
ulliva	o~~l~i-ne-~v~a
kažluž	k~a~ž~l~-o-e~ž
nabarriba	n~a~b+~a~r~+~i~-ne-v~a
ḫuburridal	ḫ~u~b~u~r~~i-ne-~d~a=~l
edežūda	i~d~i-~ž~-o~d~a
šumi	š~u~m~i-i
ēarži	ēy~a~r+~ž~e
tāndib	t~ā~n-~d-~i-~b
idīe	i~d~-i-~en
išḫaran	i~š~ḫ~a~r~a=a~n
šarriaž	š~a~r~r~i-i-~a~ž
talāvaže	t~a~l~ā~v+~a+~ž~e
tabilianiž	t~a~b+~i~l~i~a-~n~e-~ž
iningaldāe	en~n~i~~g~a~l~d~i-a~e
tūrīe	t~ū~r~ī+~e
ōššunila	ō~š~š~-o~n-~i=~ll~a
pāriža	p~ā~r-~i~ž-~a
agōž	a~g~o-~ž
faeli	f~a~e~l~i
šiāma	š~ī~-a=~m~a
tēama	t~ē-i-~a=~m~a
umve	u~m~v~e
putkīda	f~u~t+~k~i-~d~a
piduġu	p~ī~d+~u~ġ~-o
āšḫa	ā~š~ḫi-~a
uššiġina	u~š~š+~i+~ġ~e-~n~a
fāġie	p~ā~ġ~i~
šūrūži	š~ū~r~-o~ž-~i
kēriuššininna	k~ē~r-~i~-o-~š~š~e-~n~e-~n~n~a
kumrie	k~u~m~r~i-~e
mīrrīž	m~ī~r~-~i-l-e~ž
pālukku	p~a~l~-o-~k~k~o
šimiginel	š~i~m~i~g~e-~n~e=~l
ḫōmarrinin	ḫ~ō~m~a~r~~i-~n~e-~n
ibi	i~b~i
tibāġa	t~i~b~ā~ġi-~a
šarrinež	š~a~r~r~i-~n~e-~ž
šia	š~i~ye
kilum	k~ē~l~-o=~m
pālā	p~ā~l~i-a
irdīž	i~r~d~e-i-~ž
ērbirippi	ē~r~b~i~r~i~-~~iffe
idia	i~d~i-i-~a
abiaža	a~v~i-i-~a~ž-~a
nēbāža	n~ē~b+~ā+~že-~a
suppinibinin	s~u~p~p~i-~n~e~-~ve-~n~e-~n
ḫižmini	ḫ~i~ž~m~i-~n~e
kivudu	k~e~v-~u~d-~u
kāssi	k~ā~z~e~
nālliž	n~ā~l~~i-ne-~ž
itkužalla	i~t~k~-o-e~ž-~a=~l~l~a
mādai	m~ā~di-~a~e
ḫōštivuwām	ḫ~ō~š~t~i~-iff~u~-~va=~m
naḫḫaššina	n~a~ḫ~ḫ+~a+~š~š~e-~n~a
ḫudenāža	ḫ~ō~d~e-~n~a-a~ž-~a
šēnna	š~e~na-~n~a
magaldinibināža	m~a~g~a~l~d~i-~n~e~-~ve-~n~a-a~ž-~a
nābima	n~a~ve-~i=~m~a
immarvaġināže	i~m~m~a~r~v~a~ġ~e-~n~a-a~ž-v~e
ābēni	ā~b~ē-~n~e
šendiššēni	š~i~n~d~i+~š~š~ē-~n~e
pōduštabāl	f~~d~-o~š~t-~a-~b~-a=~l
tiveniž	t~i~v~e-~n~e-~ž
ue	u~wi
teffe	t~e~f~f~e
arūžu	a~r~-o~ž~-o
pērġuba	p~ē~r~ġ~u~bi-~a
kadib	k~a~d-~i-~b
pillanēva	p~i~l~l~a-~n~e-~v~a
kuraḫḫa	k~u~r+~a+~ḫ~ḫe-~a
tānni	t~a~n~n~i
fāra	f~ā~ri-~a
kažla	k~a~ž~li-~a
tapšōbādi	t~a~p~š+~ō+~b~ā~d~e
tažummi	t~a~ž-~u~m~m~e
tāni	t~ā~n-~i
maruži	m~a~r~o~ž~i
tarmānuž	t~a~r~m~+a+~n~i-o~ž
kurannia	k~u~r-~a~n~n-~i-~a
idia	i~d-~i-~a
šeġōrnida	š~e~ġ~o~r+~n~i-~d~a
šōvalaž	š~o~w~a~l~a-~ž
feva	f~ē-~v~a
ḫalze	ḫ~a~l~z~e
mužūni	m~u~ž~+u+~n~i
āmi	a~m-~i
šēndeššini	š~ē~n~d~e+~š~š~e-~n~e
kīškūppēnida	k~ī~š~k+~ū~p~p+~ē-~n~e-~d~a
abarim	a~b+~a~r+~i=~m
puweni	p~o~w~e-~n~e
kažluwa	k~a~ž~l-~u~-~a
šendurum	š~e~n~d-~u~r~-o-~m
nūbīnīn	n~u~b~i-~n~e-~n
apšeneve	a~p~š~e-~n~e-~v~e
šūwarudanam	š~ū~w~a~r~u~di-~a=~n~=~m
tešši	t~e~š~š~e
šōima	š~ō-~i=~m~a
īllulia	ī~l~l+~u~l~i-i-~a
pudulināi	f~u~d~+o~l+~i+~n~~i-ae
aiwpi	a~i~u~-~ve
šaġadnadi	š~a~ġ~a~d+~n+~a~d~i
ilamdōġi	i~l~a~m~d+~ō+~ġ~e
pōssu	p~ō~s~s~-o
iža	i~ž-~a
pabni	p~a~b+~n~i
mūžib	m~ū~ž-~i-~b
ōlluḫḫa	ō~l~l~+o+~ḫ~ḫe-~a
tāni	t~ā~n~i
kiaži	k~i~a~ž~e
kādala	k~ā~d+~a~li-~a
purburnīe	p~u~r+~b~u~r+~n~i-~e
kumri	k~u~m~r~i
šeġira	š~e~ġ~i~ri-~a
tebāe	tiv~e~-~a~e
ušḫunāe	o~š~ḫ~o+~n~i-a~e
kūžaġ	k~u~ž~a~ġ
tōġadužilāi	t~ō~ġ-~a~d~-o~ž-~i-~l~-a~i
ivi	i~v~i
ōrgini	ō~r~g~i-~n~e
pāru	p~ā~r-~u
immarrida	i~m~m~a~r~~i-ne-~d~a
naḫḫaššina	n~a~ḫ~ḫ-~a-~š~š~e-~n~a
āšte	ā~š~t~e
kivožuž	k~e~v+~o+~ž~e-o~ž
ērġima	ē~r~ġ-~i=~m~a
forima	f~ō~r~i=~m~a
ēlgāe	ē~l~g~i-a~e
adāllēlla	a~d~ā~l~-~ne-e=~l~l~a
taduġeban	t~a~d~o~.ḫ~e~b~a=a~n
šōnia	š~ō~n-~i-~a
itkužellandin	i~t~k~-o~ž~-i~l~l-~a~n~d-~i-~n
ḫuburriba	ḫ~u~b~u~r~~i~-ne-v~a
niviriffi	n~i~v~i~r~i-i~f~f~e
ēblava	ē~b~l~a-~v~a
eguššāe	e~g~+o+~š~š~e-a~e
šerženi	š~e~r+~ž~e-~n~e-e
agulla	a~g~-o=~l~l~a
ḫademinin	ḫ~a~d~e~m~i-~n~e-~n
šiglademma	š~i~g~l+~a~d~e=~m~m~a
ḫōidan	ḫ~ō-~i~d~-e~n
šūranni	š~ū~r-i-~a~n~n~i
tarāi	t~ā~r~~i-ae
šurba	š~u~r~bi-~a
teġiw	t~e~ġ-~i~-o
šidarnai	š~i~d+~a~r+~ni-~a~e
pižāišpānel	p~i~ž~ā~i~š.~p~ā-~n~e=~l
šinima	š~i~n~i=~m~a
šenda	š~i~n~di-~a
talmōvab	t~a~l~m~ō~v-~a-~b
aškōlāe	a~š~k~-o-~l~-~ai
tarria	t~a~r~r~i-i-~a
anamminna	a~n~a~m~m~i=~n~n~a
uilanum	uw-~i~l-~a~n~-o-~m
tanna	t~a~n~ni-~a
užunnibina	u~ž~+~o+~n~i~-~ne-ve-~n~a
ušḫunnibāl	o~š~ḫ~o~+~n~i~-~ne-ve=~l
kivirāžan	k~e~vr~i~-~na-a~ž-~a=~n
ammummi	a~m~m-~u~m~m~e
šeġrulida	š~e~ġ~r~-o~l~-e~d-~a
kulamōrrinibi	k~u~l+~a~m+~ō+~r~r~e-~n~e~-~ve
ēbrešši	e~~r~+~i~n~+že
agarġu	a~g+~a~r+~ġ~-o
pabanniž	p~a~b~a~+~n~i-ne-~ž
agūmālla	a~g~-o-~m~-a=~l~l~a
ummandu	u~m~m-~a~n-i~d~-o
ubindain	u~b-~i~n~d-i-~a~i-~n
ḫabānab	ḫ~a~b~ā~n-~a-~b
ḫōžīw	ḫ~ō~ž~-~i-o
anaštikki	a~n-~a~š~t-~i-~k~k~i
aliab	a~l~ē-~a-~b
kulmurina	k~u~l~m~+o+~r~e-~n~a
šōe	š~ō~e
šatteda	š~ā~t~t-~e~d-~a
tagižina	t~a~g~e+~ž~e-~n~a
īnnannam	ī~n~n~a=~n~n~a=~m
abi	a~v~i
tugalla	t~u~g~a~l~i-n~a
āġridal	a~ġ~r~i-~d~a=~l
taržuwannida	t~a~r~ž~u~w~a~+~n~i-ne-~d~a
pudulimašši	f~u~d~+o~l+~i+~m+~a+~š~š~e
piga	p~i~g-~a
ḫūžia	ḫ~ū~ž-~i-~a
kudukku	k~u~d~-o-~k~k~o
uminīe	o~m~i~n~i-~e
fouguġūm	f~o~~g~-o~ġ~-o-~m
agašši	a~g+~a+~š~š~e
māri	m~a~r-~i
mānnin	m~ā~ni-~n~e-~n
šaġurunuwaba	š~a~ġ~u~r~u~n~u~w~a~-v~a
nērne	n~ē~r+~n~i
katkini	k~a~t+~k~i-~n~e
nāldiri	n~ā~l~d~i~r~i
ananareškinibāe	a~n+~a~n+~a~r~+i+~š~k~i-~n~e~-~v~e-ae
nēli	n~ē~l~i
ivā	i~v~-a
kuttae	k~u~t~te-~a~e
šēža	š~ē~ži-~a
mādillilla	m~ā~d~i~l~~i-ne-e=~l~l~a
enāe	e~n~i-a~e
madōli	m~ā~d~-o~l-~i
šabinuwaġinibina	š~a~b~i~n~u~w~a-~ġ~e-~n~e~-~ve-~n~a
ḫuišša	ḫ~o+~i+~š~še-~a
pārellandin	p~ā~r~-i~l~l-~a~n~d-~i-~n
kubāġinel	k~u~b~ā~ġ~i-~n~e-e=~l
urgi	u~r~g~i
šiēž	š~i~ye-~ž
kutteni	k~u~t~t~e-~n~e
fadeġib	f~a~d-~e~ġ-~i-~b
ḫōbiž	ḫ~ō~b~i-~ž
pagammuž	p~a~g+~a+~m~m~e-o~ž
ḫuruššibināža	ḫ~u~r~+o+~š~š~e~-~ve-~n~a-a~ž-~a
pāššaḫḫi	p~ā~š~š+~a~ḫ~ḫ+~i
šīra	š~ī~r-~a
tapti	t~a~p~t~i
pāžida	f~ā~ž~i-~d~a
ḫāe	ḫ~a~-i
āštīva	ā~š~t~e-i-~v~a
ḫiraġella	ḫ~i~r-~a~ġ~-i=~l~l~a
ažarbaššina	a~ž+~a~r~b+~a+~š~š~e-~n~a
iža	i~ž~a
kuzuġi	k~u~z~+o+~ġ~e
assusḫa	a~s~s~u~s~ḫi-~a
ḫōdra	ḫ~ō~d~ri-~a
maēttana	m~a~ē~t~t~a+~ni-~a
silmanidab	s~i~l~m+~a~n~-e~d-~a~w
sūgētteni	s~ū~g~ē~t~t~e-~n~e
šelluššae	š~e~l~l~+o+~š~še-~a~e
maġāra	m~a~ġ~-a~r-~a
ḫutḫi	ḫ~u~t~ḫ~i
kumminivož	k~u~m~m~e+~n~e-~v~e-~ž
ḫiaruḫḫina	ḫ~i+~a~r~+o+~ḫ~ḫ~e-~n~a
alōlašši	a~l~-o~l-~a-~š~š~e
umbu	u~m~b~u
tīdiw	t~ī~d-~i~-o
arulim	a~r~-o~l-~i=~m
temiġa	t~e~m~i~ġi-~a
ištanin	i~š~t~a~n~i-~n
allanzōn	a~l~l~a~n~z~ō=~n
mužunna	m~u~ž+~u+~ni-~n~a
ašḫō	ā~š~ḫ~-o
itkaišša	i~t~k-i-~a~i~-~ž=nn~a
sabalgina	s~a~b~a~l+~g~i-~n~a
šināi	š~i~n~e~-ae
arōlullub	a~r~-o~l-~u~l~l~-~o-m
nakkuppu	n~a~k~k-~u~f~f~u
nabarbin	n~a~b~a~r~b~i=~n
turbōri	t~u~r~b+~ō+~r~e
itkulāež	i~t~k~-o-~l~-~ai-~ž
tedera	t~e~d~e~ri-~a
patteni	p~a~t~t~e-~n~e
eġinen	e~ġ~i-~n~e-~n
ḫāibād	ḫ~a-~i-~b~-a=~d
nāwunnebina	n~a~~u+~ni-~n~e~-~ve-~n~a
kungallē	k~u~n~g~a~l~l~ē
šažanōva	š~a~ž-~a~n~-o-e~v~a
nūduža	n~ū~d~-o~ž-~a
tapteni	t~a~p~t~i-~n~e
ḫebapta	ḫ~e~b~a~d~-v~a
šuġa	š~u~ʾi-~a
ḫīdūri	ḫ~ī~d~-u~r-~i
fēnāna	f~ē~n~-a~n-~a
fel	f~ē-~lla
fažamma	f~a~ž-~a=~m~m~a
ḫapsuri	ḫ~a~p~s~ō~r~i
miržāl	m~i~r~ž~-a=~l
pirundōġa	p~i~r~u~n~d+~ō+~ġe-~a
ḫaniri	ḫ~a~n+~i+~r~e
tūrīe	t~ū~r~i-i-~e
itkaštib	i~t~k-~a~š~t-~i-~b
tunidu	t~o~n-~i~d~-o
pērġēna	p~ē~ri-~ġ~e-~n~a
ižibāi	i~ž~i~-~v~e-ae
nigalōba	n~i~g~a~l~o~-v~a
šukkuttatta	š~u~k~k+~u~t~t-~a=~t~t~a
ūmbiža	u~m~b-~i~ž-~a
ḫažarāe	ḫ~ā~ž+~a~r~+i-a~e
ḫēri	ḫ~e~r~i
kivērāšta	k~e~v~~r~i~-~n~a-až-da
šōraššella	š~ō~r-~a-~š~š~e=~l~l~a
aštuḫḫinažāi	a~š~t~+o+~ḫ~ḫ~e-~n~a-a~ž~-~ve-ae
abibaž	a~b~i~-iffe-~a~ž
nuḫḫaže	n~u~ḫ~ḫ+~a+~ž~e
nabarbiž	n~a~b~a~r~b~i-~ž
ižaž	i~ž-~a~ž
ḫellibādi	ḫ~i~l~l-~i~-~va~d~e
uniġiani	u~n+~i+~ġe-~i-~a~n~e
tēama	t~e-i-~a-~m~a
