eškarri	e~š~k+~a~r~+~i-ne
kakkari	k~a~k~k~a~r~i
šēndeššini	š~ē~n~d~e+~š~š~e-~n~e
kāssēnež	k~ā~z~e~-~n~e-~ž
piduġu	p~ī~d-~u~ġ-~u
kummeni	k~u~m~m~e-~n~e-ve
avallivena	a~v+~a~l~+~i-ne-~v~e-~ne-~a
mānal	m~ā~n~a=~l
umbōž	u~m~b-~ō-e~ž
tānnež	t~ā~ni-~n~e-~ž
forēdi	f~ō~ri-~ē~d-~i
manzōrāma	m~a~n~u-ž-~ō~r~ā=~m~a
ḫillamen	ḫ~i~l~l~a~m~e=~n
tadanida	t~a~d+~a+~n~i-i-~d~a
kiptaneda	k~i~p-~t-~a~n-~e~d-~a
abiaža	a~b~i-i-~a~ž-~a
kibēllažuž	k~e~b~+~l~i-n~a-a~ž~-o~ž
šērižu	š~ē~r~i~ž~u
ḫerida	ḫ~e~r~i-~d~a
talmōġa	t~a~l~m+~ō+~ġe-~a
tālia	t~ā~le-~i-~a
sigaldi	s~i~g~a~l~d~i
urukkunna	u~r~-o-~k~k~o=~n~n~a
šarrumman	š~a~r~r~u~m~m~a=~n
šōni	š~ō~n-~i
taġēnivāl	t~ā~ġ~e-~n~e-~v~ā=~l
temgiaža	t~e~m+~g~i-i-~a~ž-~a
agab	a~g-~a-~b
šabluž	š~a~b~l~-o-e~ž
šīenež	š~ī~e-~n~e-~ž
ḫelōva	ḫ~e~l~ō~vi-~a
alummāi	a~l-~u~+~m+~ā~i
tabilianiž	t~a~b+~i~l~i~a-~n~e-~ž
ište	i~š~t~e
purburnīe	p~u~r+~b~u~r+~ni-~ī-~e
ēlgi	ē~l~g~i-i
šešfe	š~e~š~f~e
mana	m~a~n-~a
ḫavōrunnibina	ḫ~a~v~ō~r~o~+~n~i~-~ne-ve-~n~a
pāġūma	p~ā~ġ-~ū=~m~a
ulānōm	u~l+~ā~n-~ō-~m
kīzīrriva	k~ī~z~ī~r~~i-ne-~v~a
ḫāžarinna	ḫ~ā~ž-~a~r-~i=~n~n~a
attānima	a~t~t~ā+~n~i=~m~a
tīdivāde	t~ī~d-~i-~v~ā~d~e
tēġida	t~e~ġ~i~di-~a
ḫamarraža	ḫ~a~m+~a~r~+i-n~a-a~ž-~a
ašḫudan	a~š~ḫ~u-~d~a~n
šōni	š~ō+~n~i
nēra	n~ē~r-~a
tedevaduḫḫa	t~i~d~+i+~v~a~d~+o+~ḫ~ḫe-~a
ḫāḫḫiniž	ḫ~ā~ḫ~ḫ~i-~n~e-~ž
ažiwlai	a~ž~i~u~li-~a~i
udipšarin	o~d~i~p.~š~a~rr~i=~n
purburnīe	p~u~r+~b~u~r+~ni-~ī~e
pūduri	p~ū~d~+o+~r~e
talippa	t~a~l-~i~=~ff~a
mērež	m~ē~r-i-~e~ž
palaġa	p~a~l-~a~ġ-~a
pāra	p~ā~r-~a
ḫāžu	ḫ~ā~ž-~u
šena	š~e~n~a
futkiž	f~u~t+~k~i-~ž
pandiažal	p~a~n~d~i-i-~a~ž-~a=~l
pāġida	p~ā~ġ~-e~d-~a
šīġāi	š~ē~ġa-~ā~i
mužōlōm	m~ū~ž-~ō~l-~ō-~m
ūrġi	ū~r~ġ~i
tēa	tie-i~ē-~a
tādittiniala	t~ā~d~i~t~t~i+~n~i-i-~až=~ll~a
kābarra	k~ā~b~a~r~i-n~a
alzialli	ā~l~ž~ī~ā~l~l~i
iškinna	i~š~k-~i=~n~n~a
ḫuburriba	ḫ~u~b~u~r~~i~-ne-v~a
tālāḫḫīb	t~ā~l+~ā~ḫ~ḫ-~ī-~b
kādi	k~a~d-~i
simminie	s~i~m~m~i-~n~ē~
ubīn	u~bi-~ī=~n
alvovade	a~l~v+~o+~v~a~d~e
kumarbinive	k~u~m~a~r~b~i-~n~e-~v~e
tūri	t~ū~r~i
ḫāllāi	ḫ~ā~l-i-~l-~ā~i
šāra	š~ā~r-~a
adaššībi	a~d+~a+~š~š~e~-~ve
turžē	t~u~r~ž~ē
paġedab	p~ā~ġ-~e~d-~a~w
ubīn	u~bi-~ī-~n
naḫḫa	n~a~ḫ~ḫ-~a
neġirna	n~e~ġ~e~r+~ni-~a
iža	i~ži-~a
tāli	t~ā~l~e
āštenivan	ā~š~t~e-~n~e-~v~a=~n
arōluda	a~r-~ō~l-~u-~d-~a
ōššukkam	ō~š~š~-o-~k~k~o=~m
tapšū	t~a~p~š-~ū
šēni	ši~ē-~n~e
ḫōrida	ḫ~ō~r~i-i-~d~a
pindaianni	p~i~n~d~a~i~a+~n~n~i
mādaštab	m~ā~d-~a~š~t-~a-~b
tugalla	t~u~gi-~a=~l~l~a
fōri	f~ō~r~i
māna	m~ā~n-~a
enitḫarra	e~n+~i+~t~ḫ+~a~r~+i-n~a
azāštum	a~z-~ā~š~t~-o-~m
ubindain	u~b~i~n~di-~a~i=~n
miluladilāe	m~i~l~-o~l-~a~d-~i-~l-~ā~e
tamrian	t~a~m~r~i-i-~a=a~n
amōludum	a~m-~ō~l-~u~d~-o-~m
šeġalummālla	š~e~ġ~a~l~-~o-~m~-a=~l~l~a
teššužum	t~e~š~š-~u~ž~-o-~m
tāġi	t~ā~ġ-~i
ēbrinna	e~~r~i+~ni-~n~a
pindu	p~e~n~d-~uw-a
tāġa	t~ā~ġe-~a
aīn	a~i=~n
kīrenzamma	k~i~r~e+~n+~ze-~a=~m~m~a
iža	i~ž~a
alumāīn	a~l-~u+~m+~ā~ī-~n
niruda	n~i~r+~u~d+i-~a
avar	a~v~a~ri
sālī	s~ā~l-~ī
ḫōenēmma	ḫ~ō~e-~n~ē=~m~m~a
ḫēri	ḫ~ē~r~i
avena	a~v~e-~n~a
tumnadinella	t~u~m~n+~a~d~i-~n~e=~l~l~a
erōliva	e~r-~ō-~l~-e~v~a
ulme	ū~l+~m~e
unib	u~n-~i-~b
teve	t~i~v~e
ittūbin	i~t~t~-~ō~-va-e~n
pālikkamma	p~ā~l-~i-~k~k~i=~m~m~a
igina	i~g~i-~n~a
šallaena	š~a~l~l~a~e-~n~a
fōrālīnie	f~o~r~+a~l~l+i+~nn~i~-iē
ḫižmūža	ḫ~i~ž~m~+o+~že-~a
talippa	t~a~l-~i~-~b=m~a
šārib	š~ā~r~i-~b
tālamdub	t~ā~l~a~m-~d~-~o-m
kamveda	k~a~m~v~e-~d~a
šīġāi	š~ī~ġ~-~i-ai
alaluž	a~l~a~l~u-~ž
mānnōbur	m~ā~n~n-~ō-~b~o~r
kulvenāma	k~u~l~v~e-~n~ā=~m~a
ažiwlai	a~ž~i~-o-~l-~a~i
uštae	u~š~t-i-~a~e
ḫōšti	ḫ~ō~š-~t-~i
išḫaran	i~š~ḫ~a~r~a=a~n
teššōbaž	t~e~š~š~o~b-~a~ž
kināe	k~i~ni-~ā~e
ḫimzidu	ḫ~i~m~z-~i~d~-o
tabrēnni	t~a~b+i+~r~ē+~n~n~i
mānattan	m~a~nu-~a=~t~t~a=a~n
uētta	uw+~ē~t~t-~a
agūrna	a~g+~ū~r+~ni-~a
talippa	t~a~l~i~-~iffe-~a
udipšarran	u~d~i~p.~š~a~r~ri-~a=~n
pēġulaballa	p~ē~ġ~-o~l-~a-~b-~a=~l~l~a
šōġunnaži	š~ō~ġ~o~ni-~n~a-a~ž~-e
itkurinella	i~t~k~+o+~r~e-~n~e-ž=~l~l~a
alumāīn	a~l~u-~m+~ā~ī-~n
ēbla	ē~b~l~a
arni	a~r~n~i
šōġuri	š~ō~ġ~u~r~i
pāriženna	p~ā~r~i~ž~e-~n~n~a
tanna	t~a~n~ni-~a
šarri	š~a~r~~i-ne-e
iškinna	i~š~k~i-i-~n~n~a
pēdaruž	p~e~d+~a~r~+i-o~ž
šela	š~e~li-~a
taržuwāni	t~a~r~ž~u~w~ā+~n~i
nakkiōffuž	n~a~k~k-~i-~ō~f~f~u-~ž
kināe	k~i~n-i-~ā~e
tālāl	t~ā~l-~ā=~lla
āšša	ā~š~ši-~a
naveda	n~a~v~e-~d~a
šigadibam	š~i~g+~a~d~i~-i-v~a=~m
pābanna	p~ā~b~a+~ni-~n~a
ōmminna	ō~m~m~i~ni-~n~a
ēbrivē	ē~v~r~i-~v~ē
išteniffāmma	i~š~t~e~n~i-i~f~fe-~ā=~m~m~a
igiažāma	i~g~i-i-~a~ž-~ā=~m~a
kurgōrveašša	k~u~r~g~ō~r~v~i-i-~a~š~=nn~a
talaḫḫum	t~a~l~+ā~ḫ~ḫ~-o-~m
madōli	m~a~d-~ō~l-~i
kēbli	k~e~b+~l~i
teġri	t~e~ġ~r~i
ārdima	a~r~d~e=~m~a
ōllini	ō~l~l~i-~n~e-e
ellaža	e~l~a-n~a-a~ž-~a
egēni	e~g~ē~n~i
ula	o~li-~a
pailianež	p~a+~i~l~i~a-~n~e-~ž
pōssu	p~ō~s~s-~u
šiglademma	š~i~g~l+~a~d~e=~m~m~a
egi	e~g-~i
ḫaulillāndu	ḫ~a~-o~l-~i~l~l-~ā~n~d~-o
pagīnīnel	p~a~g+~ī+~nn~ī-~n~e=~l
pendu	p~e~n-~d-~u
teai	tīv~e-~a~i
šāri	š~ā~r-~i
šauška	š~a~vo~š~k~a
sulōdōēn	s~u~l+~ō~d-~ō-~ē~n
ḫamarražena	ḫ~a~m+~a~r~+i-n~a-a~ž-~e-~n~a
teššeni	t~e~š~š~e-~n~e-e
āġaštetta	ā~ʾ-~a~š~t-~e~t-~t-~a
foruššuēnnim	f~o~r~u~š~š~u~ē~ni-~n~e-e=~m
ēnna	e~ni-~n~a
aškili	a~š~k-~i-~l~e
kadi	k~ā~d-~i
fōriffān	f~ō~r~i-~f-~fa=~ā~n
mānuž	m~ā~n~u-~ž
šōima	š~ō~e=~m~a
urunnida	u~r~+o+~n~n~i-~d~a
agūlla	a~g~ū~l~i-n~a
uštaššin	u~š~t+~a+~š~š~e=~n
tīvā	t~ī~ve-~ā
šāġlēž	š~ā~ġ~l-i-~ē~ž
šelluġulla	š~e~l~l~+o+~ġ~+~o+~li-n~a
pāinnia	p~ā+~i+~n~n~i-i-~a
ālžialli	ā~l~ž~i~a~l~l~i
agiden	a~g-~i~d-~e~n
talippa	t~a~l~i~-~b=m~a
tīvollan	t~ī~v-~o~l~l-~a=~n
agūlla	a~g~-ō=~l~l~a
ḫōpten	ḫ~ō~p~t~e-~n
mirešḫini	m~i~r+~e+~š~ḫ~i-~n~e-e
ānžalāl	ā~n~ž-~a~l-~ā=~l
ālōri	ā~l+~ō+~r~e
pāššitḫād	p~ā~š~š+~i+~t~ḫe-~ā=~d
ḫōenēmma	ḫ~ō~e+~n~i-ie=~m~m~a
pidia	p~i~d~i-i-~a
kumminīve	k~u~m~m~e-~n~ī-~v~e
ueni	u~wi-~n~e-e
ežābēma	e~ž~ā~-v~ē=~m~a
uniġiž	u~n+~i+~ġ~e-~ž
ilāvān	i~l~ā~v~ā-ā=~n
kapšuġāma	k~a~p~š-~u~ġ-~ā=~m~a
pirrib	p~i~r~r-~i~=v
iraden	i~r~a~d~e-~n
šēlla	š~ē~l~li-~a
ḫabānab	ḫ~a~b~ā~n-~a-~b
aġaštedab	a~ʾ-~a~š~t-~e~d-~a~w
abi	a~b~i
ulliva	o~~l~i-ne-~v~a
kubāġinel	k~u~b~ā~ġ~i-~n~e=~l
fēžūda	f~ē-~ž-~ū~d~a
kāssi	k~ā~z~e~
aguma	a~g~-o=~m~a
šāvālli	š~ā~v~ā~l~~i-ne-e
ānzamma	a~n~ze-~a=~m~m~a
pagīnīnel	p~a~g~ī-~n~ī-~n~e=~l
ērni	ē~r~n~i
ḫāžarren	ḫ~ā~ž+~a~r~+i-n~e-~n
šīna	š~ī-~n~a
tābužudam	t~a~b~-o~ž~-o=~d=~a~m
pāštōm	p~ā-a~š~t-~ō-~m
niġarži	n~i~ġ~a~r+~ž~e
pirrib	p~i~r~r-~i-~b
kudukku	k~u~d~-o-~k~k~o
eškāve	e~š~k~ā~v~e
kivožuž	k~e~v-~o~ž~-o-e~ž
šēni	š~ē~na-~i
kivōrġēnivōž	k~i~v+~ō~r+~ġ~ē-~n~e-~v-~ō~ž
āštenivan	ā~š~t~e-~n~e-~v~a=a~n
ašḫudan	a~š~ḫ~u-~d~a=~n
šelli	š~e~l~l~i
ḫōrruštāw	ḫ~ō~r~r~-o~š~t-~ā~w
šeġurunnivini	š~e~ġ~u~r~u~+~n~i-ne-~v~e-~n~e-e
tunuštu	t~u~n-~u~š~t~-o
pēġulaballa	p~ē~ġ~u~l~a~bi-~a=~l~l~a
šērri	š~ē~r~~i-ne-e
taġāži	t~a~ġ+~ā+~ž~e
šūrūži	š~ū~r~-ō~ž-~i
idarrāi	i~d-~a~r~-i-l-~ā~i
ḫavorunni	ḫ~a~v~o~r~o~+~n~i-ne-e
šaržāraima	š~a~r~ž~ā~r~a~i=~m~a
kulōmma	k~u~l-~ō-~m=~m~a
šeġellibina	š~e~ġ~e~l~l~i~-~ve-~n~a
ḫāvoužina	ḫ~ā~v~+~ō+~ž~e-~n~a
tārinni	t~ā~r+~i+~n~n~i
ḫavūži	ḫ~a~v+~ū+~ž~i
ēnzarra	ē~n+~z~a~r~i-n~a
šaržarappan	š~a~r~ž~a~ri-~a~=~ff~a=a~n
kibi	k~i~b~i
purudum	f~~r-~u~d~-o-~m
pālukku	p~ā~l~-o-~k~k~o
kādūlāīn	k~a~d~-ō-~l-~ā~ī-~n
šāttīdu	š~ā~t~t-~ī~d~-o
uraēna	u~r~a~ē-~n~a
šūri	š~ū~r-~i
ḫāžarinna	ḫ~ā~ž+~a~r+~i-~n~n~a
agōža	a~g-~ō~ž-~a
nirīda	n~i~r~i-i-~d~a
ni	ḫurn-~i
ištuma	i~š~t-~u=~m~a
šia	š~i-i-~a
tivušḫini	t~i~v+~u+~š~ḫ~i-~n~e-e
ḫōmmāruḫḫināža	ḫ~ō~m~m+~ā~r~+o+~ḫ~ḫ~e-~na-~ā~ž-~a
tapšurža	t~a~p~š+~u~r+~že-~a
tūnāḫḫi	t~o~n-~ā~ḫ~ḫ-~i
tūnāḫḫi	t~ō~n+~ā+~ḫ~ḫ~e
azallin	a~z~a~l~~i-~ne=n
univatta	u~n-~i-e~v~a=~t~t~a
pāttarribi	p~ā~t~t~a~r~~i~-~ne-ve
idia	i~d-~i-~a
ara	aġa~rri-~a
šālabnira	š~ā~l~a~b~n~i~ri-~a
fūnuġōnži	f~ū~n~u~ġ~ō~n+~ž~e
āġridal	ā~ġ~r~i-~d~a=~l
ḫōmni	ḫ~ō~m~n~i
fondurunnenna	f~o~n~d~u~r~+o+~ni-~n~e-~n~n~a
ōššunila	ō~š~š~+o+~n~i-i=~ll~a
tāžēni	t~ā~ž~ē-~n~e
naḫḫili	n~a~ḫ~ḫ-~i-~l~e
agidu	a~g-~i~d~-o
tānni	t~a~n~n~i
faštu	f~a~š~t-~u
paria	p~a~r~i-i-~a
šēni	š~ē~n~i
madaffa	m~ā~di-~a=~f~f~a
ižena	i~ž~e-~n~a
īštennān	ī~š~t~e=~n~na=~ā~n
idi	e~d~e
šōrra	š~ō~r~i-n~a
pagīnīnel	p~a~g+~ī+~nn~ī-~n~e-e=~l
eguššumaella	e~g+~u~š~š-~u+~m+~a~e=~l~l~a
pudulimāšši	p~u~d+~u~l+~i+~m+~ā+~š~š~e
tōpšida	t~ō~p~š~i-i-~d~a
šōražal	š~ōmu~ri-n~a-a~ž-~a=~l
avin	a~v~i+~n
pirida	p~i~r~i-~d~a
kēški	k~ē~š~k~i
ḫežāla	ḫ~e~ž+~ā~l-~a
āġrāilī	ā~ġ~r~ā-~i-~l~ē
tālēnež	t~ā~l~e-~n~e-~ž
adāni	a~d+~ā+~n~i
udužudamma	u~d~-o~ž-~u~d-~a=~m~m~a
idīda	i~di-~ī-~d~a
unīdu	u~n-~ī~d~-o
šalġōla	š~a~l~ġ-~ō~l-~a
mālōžēna	m~ā~l+~ō+~ž~ē-~n~a
edida	e~d~i-i-~d~a
pāžēni	p~ā~ži-i~ē-~n~e
immandena	i~m~m~a~n~d~e-~n~a
karapteda	k~a~r+~a~p~t-~e~d-~a
ḫavērni	ḫ~a~v~ē~r+~n~i
tūri	t~ū~r-~i
āššaniba	ā~š~š~a~n~i~-i-v~a
alummai	a~l-~u~+~m+~a~i
šiwullēm	š~ī~ū~~l~i-n~ē=~m
ḫuštenāža	ḫ~u~š~t~e-~na-~ā~ž-~a
pūdu	p~ū~d-~u
sūwe	s~ū~v~e
ōlluġaennān	ō~l~l+~u~ġ-i-~a~e=~n~na=~ā~n
šiwullēm	šīūl~i~-~n~e~-~ē=~m
aēššam	av~ē~-~š=nn~a=~m
nirġudib	n~i~r~ġ-~u~d-~i-~b
indannim	i~n~d-i-~a~n~n~i=~m
ḫužušta	ḫ~u~ž~-o~š-~t-~a
ōšše	ō~š~š-~e
tōri	t~ō~r-~i
egi	e~g~i
pārgiaž	p~ā~r~g~i-i-~a~ž
fandin	f~a~n~d~i~n
ḫōdinaži	ḫ~ō~d~e-~n~a-a~ž~-e
kīli	ke-~ī-~l~e
nēlaban	n~ē~l~a-~b-~a=~n
šavuškava	š~a~v~o~š~k~a-~v~a
tōrala	patt~ō~ri-~a=~ll~a
pussa	p~u~s~si-~a
parzīga	p~a~r~z~ī~gi-~a
kešše	k~e~š~š~e
fāže	f~ā~ž~e
nīrib	n~i~r~i-~b
nīġriažīel	n~ī~ġ~r+~i+~a+~že-~ī~=~l
ēbrež	ē~v~r~i-~ž
mūžib	m~ū~ž-~i-~b
ḫōenie	ḫ~ō~e-~n~ē-v~e
emaššeni	e~m~a~n~+ž~e-~n~e-e
navanida	n~a~v~a~n~i-~d~a
teššeni	t~e~š~š~e+~n~i
fāzanigarvaž	f~ā~z~a~n~i~g~a~r-~ve-~a~ž
kūžuġ	k~ū~ž~u~ġ
pabanni	p~a~b~a~+~n~i
kigaduwamma	k~i~g-~a~d-~u~w-~a=~m~m~a
akkadeni	a~k~k+~a~d~e-~n~e
pa	murbi-~a
kēlādi	k~ē~l-~ā~d-~i
ḫārri	ḫ~ā~r~~i-ne
pendukku	p~e~n~d~-o-~k~k~o
aramdōm	a~r-~a~m-~d-~ō-~m
kuruppa	k~u~r~u~p~pi-~a
ḫižmini	ḫ~i~ž~m~i-~n~e
naḫḫubaduž	n~a~ḫ~ḫ~+o+~b~a~d~e-o~ž
ākkadene	a~k~k~a~d~e-~n~e-va
ōlluḫḫa	ō~l~l~+o+~ḫ~ḫe-~a
alumaīn	a~l-~u+~m+~a~ī-~n
tidiam	t~i~d-~i-~a=~m
kūdu	k~u~d~-o
ḫaw-suġa	ḫ~a~uz~-~~u~ġ-~a
sāllava	s~ā~l~l~a~vi-~a
ārdīma	a~r~de-~ī=~m~a
išḫaran	i~š~ḫ~a~r~a=~n
šikkinažan	š~i~k~k~i-~n~a-a~ž-~a=~n
nirīda	n~e~r~a-i-~d~a
tēšši	t~ē~š~š~i
nawnībuwe	n~a~u+~n~i~-~ī~-~e
ḫōīb	ḫ~ō-~ī-~b
uri	u~r~i
ḫīžāri	ḫ~ī~ž+~ā~r+~i
ḫennām	ḫ~e~n~n~ā=~m
umbōž	u~m~bi-~ō~ž
šīna	š~ī+~ni-~a
mužunna	m~u~ž+~u+~ni-~n~a
ḫūžia	ḫ~ū~ž~i-i-~a
idīda	e~de-~ī-~d~a
kumarbiž	k~u~m~a~r~b~i-~ž
iškinna	i~š~k~i~ni-~n~a
armimmi	a~r~m+~i+~m~m~i
piduffa	p~i~d+~u~f~f-~a
šeġira	š~e~ġ~i~ri-~a
kaganidama	k~a~g~a~n~i-i-~d~a=~m~a
tēama	t~ē-i-~a-~m~a
niruda	n~i~r-~u~d-~a
ellaža	e~l~i-n~a-a~ž-~a
ḫēaraštēda	ḫ~ē-~a~r-~a~š~t-~ē~d-~a
ḫāruwi	ḫ~ā~r~u~w~i
ḫuenivan	ḫ~ū~e-~n~e-~v~a=a~n
immarvaġināže	i~m~m~a~r~v~a~ġ~e-~na-~ā~ž-~e
kaiġida	k~a+~i+~ġe-~i-~d~a
ugulgari	u~g~+o~l+~g~a~r-~i
kulamurnella	k~u~l~a~m~u~r+~n~i-i=~l~l~a
kummeni	k~u~m~m~e-~n~e-va
šarra	š~a~r~r-~a
fenda	p~e~n~d-~a
taġēnež	t~ā~ġ~e-~n~e-~ž
šēġalubada	š~ē~ġ~a~l~+o+~b~a~de-~a
ārrivaž	a~~r-~i-l-e~v~a-~ž
nānindušša	n~ā~n-~i~n~d~-~o-e~š=nn~a
kulōrum	k~u~l-~ō~r~-o-~m
anamma	a~n~a~m~mi-~a
īamma	ī~a=~m~m~a
kīppinež	k~i~p~p~i-~n~e-~ž
amīri	a~m~ī~r~i
šebāra	š~e~b+~ā~r+i-~a
ḫavāḫḫōbada	ḫ~a~v+~ā~ḫ~ḫ+~ō+~b~a~de-~a
murġulišta	m~u~r~ġ~-o~l-~i~š~t-~a
naḫḫilāi	n~a~ḫ~ḫ-~i-~l-~ā~i
ižammēni	i~ž~a+~m~m~ē-~n~e
ḫaburni	ḫ~a~v~o~ro+~n~i
ninuwāva	n~i~n~u~w~ā-~v~a
naḫḫab	n~a~ḫ~ḫ-~a-~b
ururmilīaž	o~r~u~r~m~i~li-~ī-~a~ž
akkadeni	a~k~k+~a~d~e-~n~e-e
ēbrivē	ē~v~r~i-i-~v~ē
ebirna	e~vr~i~+~ni-~a
nīnādum	n~ī~n-~ā~d~-o-~m
ažanub	a~ž-~a~n~-~o-m
urgina	u~r~g~i-~n~a
mādillilla	m~ā~d-~i~l~-~i-~le=~ll~a
ḫāžīmai	ḫ~a~ž-~ī+~m+~a~i
tēġuššeni	t~ē~ġ~+o+~š~š~e-~n~e
pabanniž	p~a~b~a~+~n~i-ne-~ž
talmu	t~a~l~m-~u
iža	i~ž-~a
sāssari	s~ā~s~s~a~r~i
tūnimmuššuḫḫa	t~ū~n+~i~m~m~+o+~š~š~+o~ḫ~ḫe-~a
šia	š~ie-i-~a
ammužikkunne	a~m~m~+o~ž+~i~k~k~+o+~n~n~i
šērāmmi	š~ē~r~ā~m~m~i
šallaenen	š~a~l~l~a~e-~n~e-~n
tāġe	t~ā~~e
tīa	t~īe-i-~a
kalōvadi	k~a~l-~ō-~v~a~d~e
ḫāruwi	ḫ~ā~r~u~+~i
tālāl	t~ā~l-~ā=~l
nakkidaššō	n~a~k~k~-e~d-~a~š~š~ō
erādi	i~r~a~d~e
šōnia	š~ō~n-~i-~a
nūduža	n~ū~d~+o+~že-~a
aziri	a~z~i~r~i
telīppa	t~e~l-~ī~-~b=m~a
pandari	p~a~n~d+~a~r+~i
kōppannal	k~ō~p~p+~a+~n~ni-~a=~l
šiwumballa	š~i~-~ū~m~b-~a=~l~l~a
tāgiže	t~ā~g~e+~ž~e
kiaženidan	k~i~a~ž~e-~n~e-~d~a=~n
kēva	k~e~v-~a
fōrālīnie	f~o~r~+a~ll+~ī+~n~n~ē
azallin	a~z-~a~l~-~i-le=~n
uba	u~bi-~a
mēginež	m~ē~g~i-~n~e-~ž
pendu	p~e~n-i~d~-o
eġepšullima	e~ġ+~e~p~š-~u~l~l~i=~m~a
padni	p~a~d~n-~i
šīnzi	š~ī~n+~z~i
ērbi	ē~r~v~i
tēama	t~ē-i-~a=~m~a
ōmminna	o~~m~i~ni-~n~a
kādūlāīn	k~a~d~-ō-~l-~ā~ī=~n
falli	uw~a~l~~i-ne-e
kumarbi	k~u~m~a~r~b~i
pirida	p~i~r~i-i-~d~a
fāġri	f~ā~ġ~r-~i
arbarra	a~r~b+~a~r+i-~r~a
šarāmmēni	š~a~r~ā~m~m~ē-~n~e
kumarbi	k~u~m~a~r~v~e
abundišši	a~b~u~n~d~i-~š~š~i
šidarbul	š~i~d~a~r~b~u-ž=~l
šukkunna	š~u~k~k~o=~n~n~a
tūnāḫḫi	t~ū~n+~ā~ḫ~ḫ+~i
kešḫidan	k~e~š~ḫ~i-i-~d~a~n
ḫōrraža	ḫ~ō~r~i-n~a-a~ž-~a
avarrie	a~v~a~r~~i-n~e-ē
šarrinibi	š~a~r~r~i-~n~e~-~ve
ḫāvourunnīra	ḫ~a~v~o~~r~o+~ni-~n~e-~r~a
ara	amu~ri-n~a
aguma	a~g~-o-~m=m~a
ōllini	ō~l~l~i-~n~e
šimigi	š~i~m~i~g~e
ežene	e~ž~e-~n~e-e
ūššīd	ū~š~š-~ī=~d
kīškūppēnida	k~ī~š~k+~ū~p~p+~ē-~n~e-~d~a
fažūlima	f~a~ž-~ū~l-~i=~m~a
āmmīnīn	ā~m~m~ī-~n~ē-~n
ardēn	a~r~d~ē-~n
forul	f~ō~r~o~li-ne-e
foruššuēnnim	f~o~r-~u~š~š~-o-~ē~n~-~i=~m
rāe	ḫarri-~ā~e
kibe	k~e~b-~e
adi	a~d~i
aga	a~g-~a
talēnež	t~a~l~ē-~n~e-~ž
ūšteni	ū~š~t~e-~n~e
foruššuenim	f~o~r-~u~š~š~-o-~e~n-~i=~m
itkulimašši	i~t~k+~u~l+~i+~m+~a+~š~š~e
šēna	š~ie-~n~a
pa	ḫarbi-~a
suwadatte	s~u~v+~a~d+~a~t~t~e
arūžu	a~r~-ō~ž~-o
ardinin	a~r~d~e-~n~e=~n
kumži	k~u~m~uḫš~i
attai	a~t~t~a+~i-i
šialīenež	š~i~a~l~ī~e-~n~e-~ž
mānnuwalli	m~ā~n~n~u~w~a~l~l~i
pizigarraž	p~i~z~i~g~a~r~r~a-~ž
širadili	š~i~r+~a~d-~i-~l~e
kiġenež	k~i~ḫḫ~e-~n~e-~ž
aēššam	a~ē~š~ši-~a=~m
igēnemā	e~g~ē~ni-n~e-e=~m~ā
šeġlu	š~e~ġ+~l-~u
ḫōbēdi	ḫ~ō~b-~ē~d-~i
pāġīda	p~ā~ġi-~ī-~d~a
fāžuž	f~a~ž~-o-e~ž
kašti	k~a~š~t-~i
malāe	m~a~li-~ā~e
ēarži	ē~a~r+~ž~e
targi	t~a~r~g~i
kummi	k~u~m~m~e
īnnannam	ī~n~n~a=~n~n~a=~m
nuladenež	n~u~l+~a~d~e-~n~e-~ž
tāpšūlāw	t~ā~p~š~-ō~l-~ā~w
tārōni	t~ā~r-~ō~n-~i
šōeni	š~ō~e-~n~e-e
kumarvenel	k~u~m~a~r~v~e-~n~e-ž=~l
aruwallāena	a~r~u~w~a~l~l~ā~e-~n~a
tēġida	t~e~ġ~-e~d-~a
tidivāduḫḫa	t~i~d+~i+~v~ā~d~+o+~ḫ~ḫe-~a
ažāuž	aġur~ž-~ā~w-~ž
ḫavūži	ḫ~a~v~ū~ž~i
mānnuwalli	m~ā~n~n~u~w~a~l~~i-ne
kēverra	k~ē~v~e~r~i-n~a
šidarnai	š~i~d+~a~r+~ni-~a~i
umban	u~m~b~a=~n
šibā	š~i~bi-~ā
irna	i~r~n-~a
ḫāri	ḫ~ā~r~i
tadanida	t~a~d-~a~n~-e~d-~a
tunuštu	t~u~n-~u~š~t-~u
talmu	t~a~l~m~-o
sukki	s~u~k~k~i
fudarinalla	f~u~d+~a~r+~i+~nni-~a=~l~l~a
allanzōn	a~l~l~a~n~z~ō=~n
aveaža	a~v~e-~a~ž-~a
itkurinella	i~t~k~+o+~r~e-~n~e=~l~l~a
kadia	k~ā~d-~i-~a
kīruġida	k~ī~r-~u~ġ~-e~d-~a
niġāri	n~i~ġ~ā~r~i
tažmišfa	t~a~ž~m~i~š-~f~a
ḫalban	ḫ~a~l~b~a-a=a~n
igennima	e~g~ē~ni-~n~e-e=~m~a
faššara	f~a~š~š+~a~r+i-~a
šēnna	š~ē~n~ni-~a
ḫuenivan	ḫ~u~e+~n~i-i-~v~a=a~n
ištanīda	i~š~t~a~ni-~ī-~d~a
lēli	l~ē~l~i
šeridab	š~e~r~-e~d-~a~w
ašḫunilla	a~š~ḫ~u-~n~e=~l~l~a
ōššužanna	ō~š~š~+o+~že-~a=~n~n~a
šilaġugarilla	š~i~l-~a~ġ-~u~g~a~r-~i=~l~l~a
kadilli	k~ā~d-~i~l~-~i-le
ištani	i~š~t~a~n~i
kaballiž	k~a~b~a~l~~i-ne-~ž
šēnna	š~ē~n+~ni-~a
išteniffāmma	i~š~t~e~n~i-i~f~f~e=~m~m~a
šebāra	š~e~b-~ā~r-~a
šīġāi	š~ē~ġ-i-~ā~i
ōlluġum	ō~l~l+~u~ġ~-o-~m
avaštiž	a~v-~a~š~t-~i-e~ž
ēnnašta	e~ni-~n~a-a~š-~t~a
sanzāmi	s~a~n~z~ā~m~i
šēria	š~ē~r-~i-~a
ākki	ā~k~k~i
teġiaža	t~e~ġ~i-i-~a~ž-~a
adi	a~d-~i
ašḫuwe	ā~š~ḫ~o~+~e
šāġlēž	š~ā~ġ~li-i~ē-~ž
igēnemā	e~g~e-~n~e-e=~m~ā
amarillōm	a~m-~a~r-~i~l~l-~ō-~m
išti	i~š~t-~i
alumāi	a~l~u-~m+~ā~i
azalda	a~z+~a~l+~di-~a
mažagum	m~a~ž-~a~g~-o-~m
ḫavorunnen	ḫ~a~v~o~r~o+~ni-~n~e-~n
kikkunima	k~i~k~k~+o+~n~i=~m~a
anaštikki	a~n-~a~š~t-~i-~k~k~i
šīenāžuž	š~ī~e-~na-~ā~ž~-o~ž
pudūri	p~u~d+~ū+~r~e
amōdum	a~m-~ō~d~-o-~m
ḫenzā	ḫ~e~n~z-~ā
ḫōšti	ḫ~ō~š~t~i
talmašti	t~a~l~m-~a~š~t-~i
ḫāžari	ḫ~ā~ž+~a~r+~i
ardūri	a~r~d~ū~r~i
andillam	a~n~d~i=~l~l~a=~m
palaġa	p~a~l~a~ʾe-~a
arulli	a~r~u~l~~i-ne
ēnzāri	e~n+~z~a~r~i
kivori	k~e~v-~o-~r~e
kērēni	k~ē~r~ē-~n~e
anamma	a~n~a~m=~m~a
ēbriva	ē~v~r~i-i-~v~a
ižaž	i~ž-~a~ž
šukkuttatta	š~u~k~k+~u~t~ti-~a=~t~t~a
ārdi	ā~r~d~e
tāni	t~ā~n~i
pižešḫum	p~i~ž+~e~š~ḫ~-o-~m
āllaian	ā~l~l~a+~i-i-~a=a~n
niri	badn~i~r~i
uġōni	o~ġ+~ō+~n~i
iška	i~š~ki-~a
kubāġinel	k~u~b~ā~ġ~i-~n~e-e=~l
ḫalban	ḫ~a~l~b~a-a=~n
selmi	s~e~l~m~i
tēġida	t~ē~ġ~i-i-~d~a
ižammi	i~ž~a+~m~m~i
sēze	s~ē~z~e
šāvōe	š~ā~v+~ō+ʾ~e
kutkūda	k~u~t+~k~ū~d-~a
tālia	t~a~le-~i-~a
amumām	a~m~+o+~mi-~ā=~m
pišḫi	p~i~š~ḫ-~i
ibri	e~~r~i
kungallē	k~u~n~g~a~l~l~ē
ižuġni	i~ž~u~ġ+~n~i
išten	i~š~t~e=~n
agulūwa	a~g~-o~l-~ū~w-~a
irveniž	e~r~v~e-~n~e-~ž
fondurunnenna	f~o~n~d~u~r~+o+~ni-~n~e-e=~n~n~a
forima	f~ō~r-~i=~m~a
ḫažimma	ḫ~a~ž-~i+~m~m+~a(i)
šagarēlla	š~a~g+~a~r~+i-ī=~l~l~a
mēgine	m~ē~g~i-~n~ē-ž
šīrna	š~ī~r~ni-~a
ardeni	a~r~d~e-~n~e
ḫōlliaž	ḫ~ō~l~l~i-i-~a~ž
tīvollan	t~ī~v-~o~l~l-~a=a~n
šeġella	š~e~ġ~e~l~i-n~a
nālli	n~ā~l~~i-ne-e
tupḫa	t~u~p~ḫi-~a
māli	m~ā~l-~i
tādiašši	t~ā~d+~i+~a+~š~š~e
arōluda	a~r-~ō~l-~u~d-~a
ebrida	ē~~r~i-i-~d~a
agōžā	a~g-~ō~ž-~ā
pāinnia	p~ā~i~ni-~n~e-v~a
kirġemā	k~i~r~ġ~e=~m~ā
aguma	a~g-~u+~m~a+i
murrāe	m~u~r~ri-~ā~e
tugalla	t~u~g-~a=~l~l~a
munġīe	m~u~n~ġi-~ī-~e
emašše	e~m~a~n~+ž~e
šīġāttāma	š~ē~ġa-~ā=~t~t~ā=~m~a
pilāġižiliġa	p~i~l+~ā~ġ+~i~+~šše+~l~i+~ġe-~a
sikkūlli	s~i~k~k-~ū~l~l~i
agi	a~g~i
irialzi	i~r~i~a~l+~z~i
šinnaġinippaž	š~i~n~n~a~ġ~i+~n~i~-~iffe-~a~ž
paria	p~a~r-~i-~a
ḫerāri	ḫ~e~r+~ā~r+~i
šattedaw	š~ā~t~t-~e~d-~a~w
ḫeldāralla	ḫ~i~l~d-~ā~r-~a=~l~l~a
savāldum	s~a~v-~ā~l-~d~-o-~m
šīena	š~ī~e-~n~a
tidiam	t~i~d~i-i-~a=~m
tavaštōm	t~a~v-~a~š~t-~ō-~m
naḫḫōža	n~a~ḫ~ḫ-~ō~ž-~a
ammum	a~m~m~-o-~m
ḫōenie	ḫ~ō~e+~n~i-i~e-ve
āmmīb	ā~m~m-~ī-~b
tižab	t~i~ž~a-~b
šīnzima	š~ī~n~z~i=~m~a
attaibi	a~t~t~a+~i~-~i-ve
manzōž	m~a~n-~z-~ō~ž
ḫāžarridal	ḫ~ā~ž+~a~r~r+~i-~d~a=~l
subnīa	s~u~b~n-~ī-~a
fandani	f~a~n~d+~a+~n~i
užōna	u~ž~ō~ni-~a
ubūža	u~b~-ō~ž-~a
šūpta	š~ū~p~ti-~a
šummera	š~u~m~m~e~ri-~a
palaġa	p~a~l-~a~ʾ-~a
erāna	e~r+~ā~ni-~a
idi	i~d~i
niġarra	n~i~ġ~a~r~i-n~a
tūrīe	t~ū~ri-~ī-~e
atḫalve	a~t~ḫ~a~l~v~e
kadānu	k~a~d-~ā~n-~u
tunitḫibe	t~u~n+~i+~t~ḫe-~i~ff~e
kēda	k~ē~di-~a
šidarillōm	š~i~d-~a~r-~i~l~l-~ō-~m
šarra	š~a~r~ri-~a
ḫivollāda	ḫ~i~v-~o~l~l-~ā~d-~a
šavožiniva	š~a~v~+ō+~ž~e-~n~e-~v~a
fel	f~ē-ž=~l
mādi	m~ā~d-~i
ḫāigalli	ḫ~ā~i~g~a~l~~i-ne
taptani	t~a~p~t-~a~n-~i
šindiž	š~i~n~d-~i-e~ž
ḫāžerāe	ḫ~ā~ž~e~ri-~ā~e
sazulda	s~ā~z~-o~l-~d-~a
faġedab	f~a~ġ-~e~d-~a~w
aliab	a~l~ē-~a-~b
nave	n~a~v-~e
šuġunnež	š~ō~ġ~u~ni-~n~e-~ž
kullāe	k~u~l-i-~l-~ā~e
tīva	t~īe-i-~v~a
teffe	t~ei-i~f~f~e
šigadibam	š~i~g+~a~d~i~-v~a=~m
ariliffa	a~r~i~l~i-~f-~f~a
nēlaban	n~ē~l~a-~b-~a=a~n
nāli	n~ā~l-~i
sussōnni	s~u~s~s+~ō+~n~n~i
anikki	a~n-~i-~k~k~i
šūgi	š~ū~g~i
tūdigōž	t~ū~d~i+~gi-~ō~ž
madāppa	m~ā~di-~ā~=~ff~a
nerīda	n~e~ra-~ī-~d~a
šīel	š~ī~-i=~l
tiḫḫida	t~i~ḫ~ḫ~i-~d~a
kumminim	k~u~m~m~e=~n=~i=~m
talīa	t~a~l-~ī-~a
sāzin	s~ā~z-~i=~n
naḫḫōža	n~a~ḫ~ḫ+~ō+~že-~a
šabinuwaġinibina	š~a~b~i~n~u~w~a-~ġ~e-~n~e~-~ve-~n~a
šešteni	š~e~š~t~e-~n~e-e
tidiāb	t~ī~d-~i-~ā~=m
attaebini	a~t~t~a~+~i-~i-ve-~n~e-e
kūmdenivenin	k~ū~m~d~e-~n~e-~v~e-~n~e-~n
kiaži	k~i~a~ž~e
pudulināi	p~u~d-~u~l-~i~n-i-~ā~i
kenna	k~e~ni-~n~a
niga	n~i~gi-~a
šelužēda	š~e~l~+o+~že-~ē-~d~a
šialužum	š~i~a~l~-o~ž~-o-~m
teea	t~ē~-i-~a
tābōžudam	t~a~b-~ō~ž~-o=~d=~a~m
kirunnā	k~i~r~-o=~n~n~ā
fōrālīnie	f~ō~r~ā~l~ī-~n~ē~
šōima	š~ō~i=~m~a
amānumal	a~m-~ā~n~-o-~m-~a=~l
ēblāl	ē~b~la-~ā=~l
ḫāi	ḫ~ā-~i
ḫārunni	ḫ~ā~r~+o+~n~n~i
ḫēri	ḫ~e~r~i
pēġi	p~ē~ġ~i
aġarrež	a~ġ~~r~i-n~e-~ž
fāžanni	f~ā~ž~a~ni-~n~e
naiġēna	n~a+~i+~ġ~ē-~ne-~a
taptani	t~a~p~t+~a+~n~i
ažōġini	a~ž~+o~ġ~e-~n~e-e
ḫōrvāde	ḫ~ō~r~v+~ā~d~e
pairibuwi	p~a+~i+~re-~i~ff~u-~w~e
paġruži	f~a~ġ~r~+o+~ž~e
arūžušši	a~r~-ō~ž~-o-~š~š~e
allannida	a~l~l~a~ni-~n~e-~d~a
šarrašši	š~a~r~r+~a+~š~š~e
unam	u~n-~a=~m
uwa	u~wi-~a
fēḫḫēda	f~ē~ḫ~ḫ-~ē~d-~a
fēnāna	f~ē~n+~ā+~ni-~a
aīb	a~ī~=m
tīžanna	t~i~ž~a=~n~n~a
annivi	a~n~n~i~v~i
ēdu	ē~d-~u
ežene	e~ž~e-~n~e
kādōva	k~a~d~-ū~v-~a
tešši	t~e~š~š~e
pidari⸢fa⸣ša	p~e~d+~a~r+~i~-~v-~a~ž~-~a
fogāda	f~o~g+~ā~di-~a
fāġie	f~a~ġ~ē~
tevena	t~i~v~e-~n~a
kāzōž	k~ā~ze-~ō~ž
adamġi	a~d+~a~m+~ġ~e
igi	i~g-~i
šōda	š~ō-~d~a
tūdiguž	t~ū~d~i+~g~i-o~ž
tunōštum	t~o~n-~ō~š~t~-o-~m
ubiptēššel	u~b~i~p.~t~ē~š~š~i-ž=~l
nakkiōššunā	n~a~k~k-~i-~ō~š~š~o=~nn~ā
šatteda	š~a~t~t-~e~d-~a
šīġāvenažan	š~ē~ġ~ā-~v~e-~n~a-a~ž-~a=a~n
fōriffān	f~ō~r~i-i~f~fe-~ā=~n
āu	ā~o
talamdib	t~a~l~a~m+~d-~i~=v
evarži	e~v+~a~r+~ž~e
ēbrešši	ē~v~r~+i+~š~š~e
ābri	ā~b~r~i
tiba	t~i~b-~a
ḫōrdi	ḫ~ō~r~d~i
pellēni	p~i~l~l~e-~n~e-e
tāra	t~ā~ri-~a
tōrala	pitt~ō~ri-~a=~ll~a
kivožuž	k~e~v+~o-~ž~e-o~ž
kīge	k~ī~g~e
palaġa	p~a~l~a~ḫḫi-~a
ḫōlāmmi	ḫ~ō~l-~ā~m~m-~i
īllulia	ī~l~l+~u~l~i-i-~a
āšḫōmainibinidal	ā~š~ḫ+~ō+~m+~a~i+~n~i~-~ve-~n~e-~d~a=~l
ašḫunilla	a~š~ḫ~u-~n~e-e=~l~l~a
šuġražna	š~u~ġ~r~a~ž+~ni-~a
ištānīffāl	i~š~t~a~ni-~ī~f~fe-~ā=~l
paġli	p~a~ġ+~l~i
kadib	k~a~d-~i~=v
tapšab	t~a~p~š-~a-~b
abēd	a~v~e-š=~d
fāġie	f~a~ġ~i-i-~e
nīrib	n~i~r-~i-~b
enež	e~n~e-~ž
abrīda	a~b~ri-~ī-~d~a
naiġēna	n~a+~i+~ġ~ē-~n~a
ardēn	a~r~d~ē=~n
turbōri	t~u~r~b+~ō+~r~e
šukku	š~ō~k~k~o
tāw-umballa	t~ā~~-~ū~m~b-~a=~l~l~a
ižarriva	i~ž+~a~r~+~i-ne-~v~a
pendōvalla	p~e~n~d~-~ūw-~a=~l~l~a
šōražal	š~ōġo~ri-n~a-a~ž-~a=~l
urūbi	u~r~ū~b~i
pērġuba	p~ē~r~ġ~u~bi-~a
fāžuž	f~ā~ž~i-o~ž
šūgēma	š~ū~g~ē=~m~a
ānžalāl	ā~n~ž+~a~li-~ā=~l
šilāva	š~i~l~ā~vi-~a
šīenaža	š~ī~e-~n~a-a~ž-~a
naḫḫōžu	n~a~ḫ~ḫ-~ō~ž-~u
pōruštugariža	p~ō~r~-o~š~t-~u~g~a~r-~i~ž-~a
taġavure	t~a~ġ~a~v~u~ri-n~e-e
fitfa	f~i~t~f-~a
pāra	p~ā~ri-~a
alilanum	a~l+~i~l+~a~n~-o-~m
negri	n~e~g~r~i
pāššitḫād	p~ā~š~š+~i+~t~ḫ~e=~d
tibib	t~ī~v~e-~b
tādittiniala	t~ā~d~i~t~t~i+~n~i-i-~a=~ll~a
kumarvenež	k~u~m~a~r~v~e-~n~e-~ž
subitta	s~u~b~-e~t-~t-~a
šāri	š~ā~r~i
šenda	š~i~n~di-~a
nālliž	n~ā~l~~i-ne-~ž
āmmīnīn	ā~m~m~ī-~n-~ī=~n
ēpḫēni	ē~p~ḫ~e-~n~e
ḫaziana	ḫ~a~z~i~a~ni-~a
ižāvena	i~ž~ā-~v~e-~n~a
eže	e~ž~e
āšḫōmainibinidal	ā~š~ḫ+~ō+~m+~a~i-~n~e~-~ve-~n~e-~d~a=~l
ḫennēma	ḫ~e~n~n~i=~m~a
aima	a~i=~m~a
forida	f~ō~r~i-i-~d~a
tāngaimā	t~ā~n+~gi-~a~i=~m~ā
pindilivaž	p~e~n~d-~i-~l~-e~v~a-~ž
tōrala	pitt~ō~r~a~li-~a
āžōri	ā~ž+~ō+~r~e
egini	e~g~i-~n~e
ḫillib	ḫ~i~l~l-~i-~b
ēnnāšta	e~ni-~na-~ā~š-~t~a
edida	i~d~i-i-~d~a
kapša	k~a~p~š-~a
ḫiaruḫḫināža	ḫ~i~a~r~+o+~ḫ~ḫ~e-~na-~ā~ž-~a
mānura	m~ā~n~+o+~re-~a
univadān	u~n-~i-e~v~a=~d=~ā~n
kēbini	k~ē~b~i-~n~e-e
šēġalumalla	š~ē~ġ~a~l-~u~mme-~a=~l~l~a
ubugarženi	u~b+~u~g~a~r+~ž~e-~n~e-e
ḫalban	ḫ~a~l~b~a=a~n
foruššuenim	f~o~r~u~š~š~u~e~n~i-ne=~m
ōššōšti	ō~š~š-~ō~š~t-~i
fōrālīnie	f~ō~r~ā~l~ī-~n~~e-ē
ḫassin	ḫ~a~s~s~i-~n
šēndeššini	š~ē~n~d~e+~š~š~e-~n~e-e
marašte	m~a~r-~a~š~t~-i
ḫānie	ḫ~ā~n~i-i-~e
tāma	t~ā~mi-~a
kalgamižul	k~a~l~g~a~m~i~ž~-ož=~l
ubīn	u~b~ī-ī=~n
faštu	f~a~š~t~-o
āštuḫḫi	ā~š~t~+o+~ḫ~ḫ~e
tapšaġuḫḫa	t~a~p~š+~a~ġ~+o+~ḫ~ḫe-~a
tamrian	t~a~m~r-~i-~a~n
fēlluža	f~ē~l~l~-o~ž-~a
attaippināža	a~t~t~a+~i-~p-~p~e-~na-~ā~ž-~a
šōruž	š~ō~r~i-o~ž
ḫenni	ḫ~e~n~n~i
tīb	t~īe-~b
pūdangāi	p~ū~d+~a~n~g-i-~ā~i
urūkku	u~r~-ō-~k~k~o
šeġella	š~e~ġ~e~l~li-~a
tēa	t~ē~a
serrēnež	s~e~r~r~ē-~n~e-~ž
malāe	m~a~l-i-~ā~e
šadōži	š~a~d-~ō~ž-~i
aġuina	a~ġ~u~i-~n~a
sōīb	s~ō-~ī-~b
ōštannōġa	ō~š~t+~a~n~n-~ō~ġ-~a
šālabnira	š~ā~l~a~b+~n~i-i-~r~a
amūminēva	a~m+~ū+~m~i-~n~ē-~v~a
nabnīda	n~a~b~ni-~ī-~d~a
ūna	uw+o+~ni-~a
šukkanni	š~o~k~k+~a~+~n~i-ne-e
egennin	e~g~e~+~n~i-~ne-n
tunuwarriž	t~u~n~u~w~a~r~~i-ne-~ž
ēblam	ē~b~l~a=~m
tarmānuž	t~a~r~m~ā~n~i-o~ž
ellaža	e~l~l+~a+~že-~a
šuġa	š~u~ʾi-~a
tali	t~a~l-~i-le
āmmanniniva	ā~m~m+~a+~n~n~i-~n~e-~v~a
purran	p~u~r~r~a=~n
melaḫḫum	m~e~l+~a~ḫ~ḫ~-o-~m
karapteda	k~a~r~a~p~t~e-~d~a
temmāni	t~e~m~m+~ā+~n~i
tillada	t~i~l~l~a~di-~a
tēama	t~ē~a=~m~a
agunna	a~g~-o=~n~n~a
talamdib	t~a~l~a~m+~d~i-~b
apšena	a~p~š~e-~n~a
šīenāže	š~ī~e-~na-~ā~ž-~e
ni	ḫurn~i
ašḫudan	a~š~ḫ~u-~d~a=a~n
pārendūž	p~ā~r~-i~n~d~-ō-e~ž
šindiž	š~i~n~d~i-~ž
navanida	n~a~v-~a~n~-e~d-~a
ḫōštivuwām	ḫ~ō~š~t~i~-iff~u-~w~e=~m
alāži	a~l+~ā+~ž~e
ḫēraġida	ḫ~ē~r~a~ġ~i-i-~d~a
tēġuššeni	t~ē~ġ~+o+~š~š~e-~n~(e)-e
fāġri	f~a~ġ~r~i
nīnubapḫi	n~i~n~u~v~a~-~ḫ~e-ve
umve	u~m~v~e
adāllēlla	a~d~ā~l~-ne-~ē=~l~l~a
fōrālīzie	f~ō~r+~ā~ll+~ī~+~n~+zē
naḫḫubaduššā	n~a~ḫ~ḫ~+o+~b~a~d~e~-o~š~=nna
tilulōštab	t~i~l~+o~l-~ō~š~t-~a~w
sikkōġa	s~i~k~k+~ō+~ġe-~a
tōrala	ped~ō~ri-~a=~ll~a
šēža	š~ē~ž-~a
tōpšida	t~ō~p~š~i-~d~a
šukku	š~u~k~k~o
ḫiraġella	ḫ~i~r~a~ġ~e-i=~l~l~a
ištuma	i~š~t~-o=~m~a
ḫāžažimmi	ḫ~ā~ž+~a~ž+~i+~m~m~i
foruššuēnnim	f~o~r~u~š~š~u~ē~ni-~n~e=~m
paruž	p~a~r~i-o~ž
abinam	a~b~i-~n=~a~m
ḫaidu	ḫ~a-~i~d~-o
tīva	t~ī~v-~a
šabinuwaġinaž	š~a~b~i~n~u~w~a-~ġ~e-~n~e-~ž
suludulub	s~u~l+~u~d~-o~l~-~o-m
idi	i~d-~i
ubīn	u~b~ī=~n
egennin	e~g~e~+~n~i-~ne-e=n
ḫārapḫāīm	ḫ~ā~r+~a~+~ġe-ve-~ā~ī=~m
nīvarīuž	n~ī~v+~a~r~+~i-i-o~ž
fogāda	f~o~g-~ā~d-~a
ōššunila	ō~š~š~u~n~i~li-~a
kadulen	k~a~d~-o~l-i-~e~n
idenni	i~d~e~n~n~i
alūrina	a~l+~ū+~r~e-~n~a
uštaššin	u~š~t+~a+~š~š~e-~n
kirarnež	k~i~r+~a~r+~n~i-i-~ž
falukku	f~a~l~-o-~k~k~o
edežūda	e~d~e-~ž-~ū~d~a
teġeštub	t~e~ġ-~e~š~t~-~o-m
eginiž	e~g~i-~n~e-~ž
kīli	k~ī~l~i
šerženi	š~ē~r+~ž~e-~n~e-e
šumniški	š~u~m~n~i+~š~k~i
temmāni	t~e~m~m-~ā~n-~i
šīnāi	š~ī-~ne-~ā~i
šūḫḫuluštib	š~ū~ḫ~ḫ-~u~l-~u~š~t-~i~=m
ḫāni	ḫ~ā~n-~i
sīgila	s~ī~g~i~li-~a
šarri	š~a~r~r-~i
adašši	a~d+~a+~š~š~e
šāvalam	š~ā~v-~a~l-~a=~m
ḫīdūri	ḫ~ī~d-~ū~r-~i
tuffaēšḫema	t~u~f~f~a~ē+~š~ḫ~e=~m~a
ḫapšārūwa	ḫ~a~p~š-~ā~r-~ū~w-~a
īad	ī~a=~d
nelġa	n~e~l~ġi-~a
ḫuwavain	ḫ~u~w~a~v~a+~i=~n
šidarna	š~i~d+~a~r+~ni-~a
uštiġi	u~š~t+~i+~ġ~e
sāžulōža	s~ā~z~-o~l-~ō~ž-~a
uwom	u~b-~o-~m
šažanōva	š~a~ž-~a~n-~ō-e~v~a
ai	ā~i
turōvi	t~ō~r~o~v~e
šēnna	š~ē~ni-~n~a
annivi	a~ni-~n~e-~v~e
attubadenež	a~t~t~+o+~b~a~d~e-~n~e-~ž
sazulda	s~a~z+~u~l+~di-~a
šāvōe	š~ā~v~ō+~e
šīenāža	š~ī~e-~na-~ā~ž-~a
pažēda	p~a~ž-~ē~d-~a
ažōri	a~ž+~ō+~r~e
ḫupši	ḫ~u~p~š-~i
udipšarran	u~d~i~p.~š~a~r~ri-~a=a~n
īa	ī~a
šīġāi	š~ī~ġi-~ā~i
šia	š~i-~a
anzangiēž	a~n~z+~a~n~g~i-ī~ē-~ž
ērbinež	ē~r~v~i-~n~e-~ž
šinzuḫḫamma	š~i~n+~z~+o+~ḫ~ḫe-~a=~m~m~a
ēkkinēn	ē~g~~i-~n~ē-~n
kinnāri	k~i~n~n-~ā~r-~i
kuruppa	k~u~r-~u~p~p-~a
sīgila	s~ī~g-~i~l-~a
uēkki	uw~ē~k~k~i
sigrōšḫinenna	s~i~g~r+~ō+~š~ḫ~e-~n~e=~n~n~a
šeġellibina	š~e~ġ~e~l~~i~-~ne-ve-~n~a
agāve	a~g~a-~v~e
naveda	n~a~v-~e~d-~a
šabluž	š~ā~v~l~i-o~ž
futkina	f~u~t+~k~i-~n~a
ittūbin	i~t~t~ū~b~i=~n
irbīnāža	e~r~b~ī-~na-~ā~ž-~a
arulli	a~r~u~l~~i-ne-e
šōražal	š~ōġu~ri-n~a-a~ž-~a=~l
mužūni	m~u~ž~+u+~n~i
ḫavorunni	ḫ~a~v~o~r~o~+~n~i-ne
agōž	a~g~ō-~ž
admine	a~d+~m~i-~n~e-e
māna	m~ā~n+~a
nēlaban	n~ē~li-~a~-v=~a~n
foride	f~o~r~-e~d~-i
ōšši	ō~š~š-~i
ōllini	ō~l~~i-~n~e-ne
nūrbiniž	n~ū~r~b~i-~n~e-~ž
ḫužūwa	ḫ~ō~ž-~ū~w-~a
purran	p~u~r~r~a=a~n
fōrālīnie	f~ō~r~ā~li-~ī-~n~ē~
awtaluman	a~u~d~a~l~u~mm~a=~n
šara	š~a~ri-~a
pandari	p~a~n~d-~a~r-~i
ḫavorōnni	ḫ~a~v~o~r~+~ni-~n~e-e
ilāvān	i~l~ā~v~ā-a=ā~n
ālūšti	ā~lu-~ū~š~t-~i
ōmminni	o~~m~i~ni-~n~e-e
arian	a~r-~i-~a~n
faikkimān	f~a-~i-~k~k~i=~m~ā~n
sōšša	s~ō~š~ši-~a
mūgižanun	m~ū~g~i~ž~a~n~u~n
sulūda	s~u~l+~ū~d-~a
ḫudidaw	ḫ~ō~d~-e~d-~a~w
ueruḫḫāl	uw~e~r~+o+~ḫ~ḫe-~ā=~l
naḫḫuža	n~a~ḫ~ḫ~-o~ž-~a
idedi	i~d-~e~d-~i
uenava	u~e~n~a~w~a
šeġruž	š~e~ġ~r~-o-e~ž
šukkuttatta	š~u~k~k+~u~t~t-~a=~t~t~a
pudūrež	p~u~d+~ū+~r~e-i-~ž
ara	aġa~ri-n~a
pērġēna	p~ē~r~ġ~ē~n~a
marašte	m~a~r~a~š~t~e
ḫōšti	ḫ~ō~š~t-~i
ulluliž	u~l~l~-o-~l~-e~ž
neššēna	n~e~š~š~e-~n~a
pižirri	p~i~ž~i~r~~i-ne
šendiššēni	š~i~n~d~i+~š~š~ē-~n~e
tavūdum	t~a~v-~ū~d~-o-~m
mādillilla	m~ā~d~i~l~~i-ne=~l~l~a
ḫubuštab	ḫ~u~b-~u~š~t-~a~w
fandarinināma	f~a~n~d+~a~r+~i+~nn~i-~n~ā=~m~a
annivi	a~n~n~i-~v~e
šindiž	š~i~n~d~i-i-~ž
ḫōrvini	ḫ~ō~r~v~i-~n~e-e
šōlidu	š~ō~l-~i~d~-o
ḫāžarinna	ḫ~ā~ž+~a~r+~i-i-~n~n~a
mānattan	m~ā~n~a=~t~t~a=a~n
faššara	f~a~š~š-~a~r-~a
ḫerāġi	ḫ~e~r~ā~ġ~i
šidurriva	š~~d~o~r~~i-ne-~v~a
šēġalumalla	š~ē~ġ~a~l~-o-~m-~a=~l~l~a
kumži	k~u~m~iḫš~i
tāgidura	t~ā~g~i~d~u-~r~a
kiġenež	k~i~ġ~e-~n~e-~ž
tiba	t~ī~ve-~a
ubinež	ov~e~-~n~e-~ž
ḫalze	ḫ~a~l~z~e
kalūwa	k~a~l-~ū~w-~a
ḫillēl	ḫ~i~l~l-~ē=~l
šarri	š~a~r~r~i
kirun	k~i~r~-o=~n
amōludōm	a~m-~ō~l-~u~d-~ō-~m
tīda	t~ī~d-~a
ḫellibādi	ḫ~i~l~l-~i-~b~ā~d~e
nōvān	n~ō~vi-a=~ā~n
uruġēda	u~r-~u~ġ-~ē~d-~a
ḫārrēma	ḫ~ā~r~i-ne-~ē=~m~a
šuēž	š~u-i-~ē~ž
šarrinež	š~a~r~r~i-~n~e-~ž
sāzalla	s~ā~z~a~l~l~a
ḫamarraža	ḫ~a~m~a~r~i-n~a-a~ž-~a
selmanidab	s~i~l~m+~a~n~-e~d-~a~w
šilumōtḫeb	š~i~l+~u~m+~ō+~t~ḫ~-i-~b
šēduilianiž	š~ē~d~+oʾ+~i~l~i~a-~n~e-~ž
šōražal	š~ōġ+a~r+i-n~a-a~ž-~a=~l
sāzin	s~ā~z~i=~n
fa	ḫar-v~a
šīnda	š~ī~n~d-~a
tarni	t~a~r~n~i
kunzimai	k~u~n~z-~i+~m+~a~i
kadi	k~a~d~i
feva	f~ē-~v~a
uurrugivuwi	ū~~r~r~u~g~i~-iff~u-~w~e
ēnna	ē~ni-~n~a
ažaštilib	a~ž-~a~š~t-~i-~l~e~=m
sigrōšḫinenna	s~i~g~r+~ō+~š~ḫ~e-~n~e-e=~n~n~a
kulūrum	k~u~l-~ū~r~-o-~m
kažidabima	k~a~ž~i~d~a~b~i=~m~a
keššenišša	k~e~š~š~e-~n~e~-~š=nn~a
tōrala	patt~ō~r~a~li-~a
taġuwadinēda	t~a~ġ~+~o+v~a~d~i-~n~ē-~d~a
kīdāba	k~ī~d~ā~bi-~a
ēarrivenama	ē~a~r~~i-ne-~v~e-~n~a=~m~a
šūre	š~ū~r~e
forāna	f~o~r+~ā~n~a
ištuma	i~š~t-~u~mme-~a
forivaenima	f~o~r-~i-~v~a-~e~n-~i=~m~a
tāžae	t~ā~že-~a~e
pišḫi	p~i~š~ḫ~i
tālia	t~a~l-~i-~a
šīa	š~ī-i-~a
šilumōtḫeb	š~i~l+~u~m+~ō+~t~ḫ~e~=m
ḫīria	ḫ~ī~r~i-i-~a
foglāla	f~o~g~l-~ā~l-~a
karižīda	k~a~r~i~ži-~ī-~d~a
šāġari	š~ā~ġ+~a~r+~i
alāži	a~l~ā~ž~e
ubindain	u~b-~i~n~d-i-~a~i-~n
tūnāḫḫi	t~ū~n-~ā~ḫ~ḫ-~i
āġri	ā~ġ~r~i
ḫōraidan	ḫ~ō~r~a-~i-~d~a=~n
šelluġlupšenie	š~e~l~l~+o+~ġ+~l~+o+~p~š~e-~n~ē-~e
attai	a~t~t~a+~i
kēnnādal	k~ē~n~n~ā~di-~a=~l
naveni	n~a~v~e-~n~e-ve
šūre	š~ū~rr~e
pāġidō	p~ā~ġ~-e~d-~ōw
adīrġa	a~d~ī~r+~ġe-~a
sassinīe	s~a~s~s~i-~n~~e-ē
ēlmina	ē~l~m~i-~n~a
adaniašta	a~d~a~n~i-i-~a~š-~t~a
kanzukkam	k~a~n~z~-o-~k~k~o=~m
falli	uw~a~l~l~i
šālabnira	š~ā~l~a~b+~n~i-~r~a
nērne	n~ē~r+~n~i
ḫilli	ḫ~i~l~l-~i
tabaštili	t~a~v-~a~š~t-~i-~l~e
tīdiw	t~ī~d-~i~-o
foruššuēnnim	f~o~r~u~š~š~u~ē+~n~n~i=~m
farižanna	f~a~r-~i~ž-~a=~n~n~a
šānnež	š~ā~ni-~n~e-~ž
ḫažažilaum	ḫ~a~ž-~a~ž-~i~l-~a~w=~m
kōlma	k~ō~l~mi-~a
ḫa	šin+~am+ġe-a
ḫenzā	ḫ~e~n~zi-~ā
šimiga	š~i~m~i~g~a
šenzūwatta	š~e~n+~z+~ū~wi-~a=~t~t~a
kapšuġāma	k~a~p~š~+o+~ġe-~ā=~m~a
šōra	š~ō~ri-~a
šukki	š~o~k~k~i
teššeni	t~e~š~š~e-~n~e
šeġruž	š~e~ġ~r~i-o~ž
ubīn	u~b-~ī=~n
kādukku	k~ā~d~-o-~k~k~o
anzu	a~n~z-~u
nilōž	n~ē~li-~ō~ž
šukkuttattam	š~u~k~k+~u~t~t-~a=~t~t~a=~m
engidal	e~n~g~i~d~a-ž=~l
eženive	e~ž~e-~n~e-~v~e
āškili	ā~š~k-~i-~l~e
tūnāḫḫi	t~ō~n+~ā~ḫ~ḫ+~i
ḫullurēva	ḫ~u~l~l~+o+~re-~ē-~v~a
šešteni	š~e~š~t~e-~n~e
irdi	i~r~d-~i
kivudu	k~e~v-~u~d-~u
kuraḫḫa	k~u~r+~a~ḫ~ḫ+i-~a
ebirni	e~vr~i~+~n~i
teffe	t~e~f~f~e
pandarinna	f~a~n~d+~a~r+~i+~n~ni-~a
fāġōža	f~ā~ġ-~ō~ž-~a
mērež	m~ē~r~i-i-~ž
šārinevi	š~ā~r~e-~n~e-~v~e
indannim	i~n~d+~a~+~n~i-ne=~m
kumži	k~u~m~eḫš~i
kangalbālla	k~a~n~g~a~l~vi-~ā=~l~l~a
teġulli	t~e~ġ~-~o~l-~i-le
fa	ḫarvi-~a
kiāžēni	k~i~a~ž~e-~n~e
nōvān	n~ō~vi-~ā=~n
šuġa	š~u~ʾ-~a
šōeni	š~ō~e-~n~e
kamveda	k~a~m~v~-i-~d-~a
keššenīel	k~e~š~š~e-~n~ē~-ž=~l
kērēni	k~ē~r~ē-~n~e-e
ištuma	i~š~t~-o-~m=m~a
mēgi	m~ē~g~i
āġra	ā~ġ~ri-~a
tabirīma	t~a~b+~i+~re-~ī=~m~a
teššīe	t~e~š~š~e-i-~e
pāttini	p~ā~t~t~i-~n~e
ittūbin	i~t~t~ū~b~i-~n
tivušḫini	t~i~v+~u+~š~ḫ~i-~n~a
eššaeni	e~š~š~a~e-~n~e
paġēda	p~a~ġ-~ē~d-~a
tāndib	t~ā~n-~d-~i-~b
tīa	t~īe-~a
āri	ā~r-~i
karinež	k~a~r~e-~n~e-~ž
mānattan	m~ā~n~n-e=~t~t~a=a~n
eguššina	e~g~+o+~š~š~e-~n~a
uššōm	u~š~š-~ō-~m
tīžanna	t~i~ž~a-~n~n~a
tābōžudam	t~a~b-~ō~ž-~u~d-~a=~m
andi	a~n~d~i
šāra	š~ā~ri-~a
pudūrež	p~u~d+~ū+~r~e-~ž
pēžanum	p~ē~ž-~a~n~-o-~m
fārie	f~ā~r~i-i~e
sukki	s~u~k~k-~i
pēdarriž	p~ē~d+~a~r~+~i-ne-~ž
šīe	š~ī~e
tūrīe	t~ū~r~ī+~e
ḫārāpḫāi	ḫ~ā~r~+~a~+ġe-ve-~ā~i
kirarni	k~i~r+~a~r+~n~i
udānab	u~d-~ā~n-~a-~b
tešcuppi	t~e~š~š~o~p-~p~e
kivērāšta	k~e~v~ē~ri-na-~ā~š-~t~a
eššaeni	e~š~š~a~e-~n~e-e
šīnāi	š~ī+~ni-~ā~i
nātḫa	n~ā~t~ḫi-~a
kumruḫḫāl	k~u~m~r~+o+~ḫ~ḫe-~ā=~l
ue	uw~e
ebrež	e~v~r~i-~ž
taġōbi	t~a~ġ~ō~b~i
nabnida	n~a~b~n~i-i-~d~a
kiptaneda	k~i~p~t-~a~n-~e~d-~a
kēbina	k~ē~b~i-~n~a
azallaenen	a~z~a~l~l~a~e-~n~e-~n
ninuwaġinešša	n~i~n~u~w~a+~ġ~e-~n~e~-~š=nn~a
ḫaiġi	ḫ~a+~i+~ġ~e
nave	n~a~v~e
šerže	š~e~r+~ž~e
ažammu	a~ž-~a~m~m-~u
šēġadulimaššinama	š~ē~ġ+~a~d+~u~l+~i+~m+~a+~š~š~e-~n~a=~m~a
kibure	k~i~b~u~ri-n~e-e
avin	a~v~i-~n
ḫāri	ḫ~ā~r-~i
ḫažaštili	ḫ~a~ž-~a~š~t-~i-~l~e
udužudamma	u~d~-o~ž~-o=~d=~a~m~m~a
ižāvena	i~ž~a-~v~e-~ne-~a
umminnāža	o~m~m~i~ni-~na-~ā~ž-~a
tamrian	t~a~m~r~i-i-~a=~n
milulādu	m~i~l~-o~l-~ā~d-~u
kīli	k~ī~l-~i
nēlaban	n~ē~l-~a-~b=~a~n
pēġi	p~ē~ġ-~i
pairima	p~a+~i+~re-~i=~m~a
aimān	ā~i=~m=~ā~n
foruššuenim	f~o~r~u~š~š~u~e~n~i-ne-e=~m
ābri	a~b~r~i
tivi	t~ī~v~e
suḫḫinie	s~u~ḫ~ḫ~i-~n~~e-ē
iža	i~ž~a-a
ḫamarražena	ḫ~a~m~a~r~i-n~a-a~ž-~e-~n~a
šōrin	š~ō~r~i=~n
šīrna	š~ī~r~n-~a
tarria	t~a~r~~i-ne-v~a
amōmāb	a~m~+o+~mi-~ā~=v
maēttana	m~a~ē~t~t~a+~ni-~a
šendurum	š~e~n~d-~u~r~-o-~m
ḫillamen	ḫ~i~l~l~a~m~e-~n
ḫāra	ḫ~ā~r-~a
ani	a~n~i
nābu	n~ā~b-~u
ḫārapḫaēm	ḫ~ā~r+~a~+~ġe-ve-~a~ē=~m
fašši	f~a~š~š-~i
ittili	i~t~t-~i-~l~e
ubīn	u~b~i=~n
āšḫun	ā~š~ḫ~u=~n
aštēna	a~š~t~ē-~n~a
faġruža	f~a~ġ~r~+o+~že-~a
kūžaġ	k~ū~ž~a~ġ
ḫōenie	ḫ~ō~e+~n~i-i~e-va
egini	e~g~i-~n~e-e
īama	ī~a=~m~a
pillanēva	p~i~l~l~a-~n~ē-~v~a
ḫāvorunneva	ḫ~a~v~o~r~o+~ni-~n~e-~v~a
tābužudam	t~a~b~-o~ž-~u~d-~a=~m
mādillilla	m~ā~d~i~l~~i-ne-ž=~l~l~a
ḫeldeni	ḫ~e~l~d~e-~n~e-e
fažidan	f~ā~ž~i-i-~d~a~n
talaḫḫidu	t~a~l~+ā~ḫ~ḫ-~i~d~-o
agulla	a~g~u~l~li-n~a
tānni	t~ā~ni-~n~e-e
ḫellidi	ḫ~i~l~l~-e~d-~i
kēnnādal	k~ē~n~n-~ā~r-~a=~l
sikkōġa	s~i~k~k-~ō~ġ-~a
amōža	a~m-~ō~ž-~a
sulgi	s~u~l+~g~i
urunnin	u~r~+o+~n~n~i=~n
fiwta	f~e~-~ud~a
sigrōšḫinenna	s~i~g~r+~ō+~š~ḫ~e-~n~e-~n~n~a
ḫežāla	ḫ~e~ž~ā~li-~a
kibure	k~i~b~+o+~r~e
šumallam	š~u~m~a~l~i-n~a=~m
sassinīe	s~a~s~s~i+~ni-~ī-~e
šarraššinin	š~a~r~r+~a+~š~š~e-~n~e-e=~n
naveni	n~a~v~e-~n~e-va
šōra	š~ō~r-~a
tedera	t~e~d~e~ri-~a
ḫāiden	ḫ~ā-~i~d-~e~n
kiāžēni	k~i~a~ž~e-~n~e-e
ḫavorunnima	ḫ~a~v~o~r~o~+~n~i-ne=~m~a
malvāži	m~a~l~v~ā~ž~i
amašteda	a~m-~a~š~t-~e~d-~a
īllulia	ī~l~l~-o~l-~i-~a
šūwarudanam	š~ū~w-~a~r-~u-~d-~a=~n=~a~m
tupḫa	t~u~p~ḫ-~a
ḫōžānōla	ḫ~ō~ž-~ā~n-~ō~l-~a
tarria	t~a~r~r~i-i-~a
amulūdōm	a~m~-o~l-~ū~d-~ō-~m
tūrīn	t~ū~r~i-~n
ivā	i~vi-~ā
ḫāžimmie	ḫ~ā~ž~i+~m~m~i-i~e
ḫēġōži	ḫ~ē~ġ+~ō+~ž~e
mādi	m~ā~d~i
kiverra	k~e~v~e~r~i-n~a
ašḫu	a~š~ḫ~u
pendu	p~e~n~d~-o
ulligummin	u~l~l~i~.k~u~m~m~i=~n
alda	a~l~di-~a
talaḫḫōm	t~a~l-~a~ḫ~ḫ-~ō-~m
sissōm	s~i~s~s-~ō-~m
attaibi	a~t~t~a+~i~-~ve
ḫīžāri	ḫ~ī~ž-~ā~r-~i
ḫōrvini	ḫ~ō~r~v~i-~n~e
pōssu	p~ō~s~s~-o
ḫāžarrima	ḫ~ā~ž+~a~r~r+~i=~m~a
māna	m~ā~n~a
āmba	ā~m~bi-~a
enudōbin	e~n~u~d~ō~b~i=~n
nilōž	n~i~li-~ō~ž
kiglibadallin	k~i~g~l~i~b~a~d~a~l~l~i=~n
ḫuenivan	ḫ~u~e+~n~i-~v~a=a~n
alġi	a~l~ġ~i
ižikkunna	i~ž+~i~k~k~+o+~n~ni-~a
pidia	p~i~d-~i-~a
āssarōḫḫa	ā~s~s+~a~r+~ō+~ḫ~ḫe-~a
alumāin	a~l-~u+~m+~ā~i-~n
ḫāžu	ḫ~ā~ž~-o
ninuwāve	n~i~n~u~w~ā-~v~e
nelġa	n~e~l~ġ-~a
paššitḫi	p~a~š~+~i+~t~ḫ~e
pāttarrēda	p~ā~t~t~a~r~i-n~ē-~d~a
šīa	ši-~ī-~a
urukku	u~r~-o-~k~k~o
ibrinza	e~~r~e~n+~ze-~a
ḫilde	ḫ~i~l-i~d-~e
ivi	i~v~i
kadia	k~a~d-~i-~a
pa	ḫurb-~a
ḫavirni	ḫ~a~v~i~r+~n~i
mannamištun	m~a~n~n~a~m~i~š~t~u=~n
puttiġiž	p~u~t+~t+~i+~ġ~e-~ž
ažurež	a~ž~+o+~r~e-~ž
eda	e~d-~a
forīda	f~ō~ri-~ī-~d~a
amudum	a~m-~u~d~-o-~m
alēōb	a~l~ē-~ō~-m
fažēda	f~a~ž-~ē~d-~a
nirġa	n~i~r~ġi-~a
šelluġlupšenie	š~e~l~l~+o+~ġ+~l~+o+~p~š~e-~n~e-v~e
agulla	a~g-~u=~l~l~a
ēlgi	ē~l~g~i
šatti	š~ā~t~t-~i
tapti	t~a~p~t~i
ummana	u~m~m~a~ni-~a
šattaġamōra	š~a~t~t~a~ġ~a~m~ō~ri-~a
šarraššinin	š~a~r~r+~a+~š~š~e-~n~e-~n
ubīn	u~b~ī-~n
attāne	a~t~t~a+~n~i
šōnia	š~ō+~n~i-i-~a
ḫebapti	ḫ~e~b~a~~t~-fe
pēduġa	p~ē~d-~u~ġ-~a
eġilli⸢fa⸣ašša	e~ġ~~l~-~i~-~l~-~ev~a~-~š=nn~a
šažarri	š~a~ž~a~r~~i-ne-e
ediaža	i~d~i-i-~a~ž-~a
uminīe	o~m~i~ni-~ī-~e
ērġima	ē~r~ġ~i=~m~a
teššīe	t~e~š~š~e-i~e
nāniž	n~ā~n~i-~ž
ḫōruppi	ḫ~ō~r~u~p~p~i
undūl	u~n~d~ō=~l
kulimāššināža	k~u~l+~i+~m+~ā+~š~š~e-~na-~ā~ž-~a
sigarullinež	s~i~g+~a~r+~u~l~l~i-~n~e-~ž
tamrīl	t~a~m~r~ī-ž=~l
pērġēna	p~ē~ri-~ġ~ē-~n~a
murrāe	m~o~r~-i-l-~ā~e
ēbrēda	ē~v~ri-~ē-~d~a
nūma	n~ū~mi-~a
tummininna	t~u~m~m~i-~n~e-~n~n~a
tarve	t~a~r~v~e
kilānab	k~i~l+~ā~n-~a-~b
nēlla	n~ē~l~i-n~a
iškinna	i~š~k~i-~n~n~a
ōštannōġa	ō~š~t+~a+~n~n+~ō+~ġe-~a
ḫāžarrī	ḫ~ā~ž+~a~r~r+~ī-ž
ummallidašše	u~m~m-~a~l~l~-e~d-~a-~š~š~e
pudulimašši	p~u~d+~u~l+~i+~m+~a+~š~š~e
pāru	p~ā~r-~u
ōššunila	ō~š~š-~u~n-~i=~ll~a
ḫōrāmi	ḫ~ō~r~ā~m~i
kapšuġāl	k~a~p~š-~u~ġ-~ā=~l
šāduži	š~a~d~-o~ž-~i
šeġrulida	š~e~ġ~r~-o~l~-e~d-~a
pilla	p~i~l~i-n~a
ambaža	a~m~b+~a+~že-~a
šīeni	š~ī~e-~n~e
areššal	a~r-i-~e~ž~-~a=~l
ḫōruwāda	ḫ~ō~r~+~o+v~ā~de-~a
miġōm	m~e~ġ-~ō-~m
šōe	š~ō~e
šendamennīn	š~e~n~d~a~m~e~n~n~ī=~n
uri	u~r-~i
ōšḫunōž	ō~š~ḫ~u~ni-~ō~ž
šuppaššab	š~u~p~p+~a+~š~še-~a~=m
aru	a~r~-o
ḫuenivan	ḫ~u~e+~n~i-i-~v~a=~n
našpa	n~a~š~p-~a
tipšar	t~i~p+~š~a~ri
keššeniva	k~e~š~š~e-~n~e-~v~a
pāttīvorriva	p~ā~t~t~ī~v~o~r~~i-ne-~v~a
pa	murb-~a
simminie	s~i~m~m~i-~n~~e-ē
ižīma	i~ž~ī=~m~a
ava	a~vi-~a
ḫārrēma	ḫ~ā~r~i-n~ē=~m~a
tabiribuwi	t~a~b+~i+~re-~i~ff~u-~w~e
kikkuġēda	k~i~k~k-~u~ġ-~ē~d-~a
purrābi	p~u~r~r~a~-~ve
nāldiri	n~ā~l~d~i~r~i
ḫuiššeni	ḫ~o+~i+~š~š~e-~n~e
iži	i~ž-~i
šōi	š~ō~i
šaržarappan	š~a~r~ž-~a~r-~a~-~b=m~a~n
lullueneve	l~u~l~l~u~e-~n~e-~v~e
šaržarappan	š~a~r+~ž~a~r-~a~-~b=m~a~n
pandiažal	f~a~n~d~i-i-~a~ž-~a=~l
šilava	š~i~l~a~vi-~a
pāttini	p~ā~t~t~i-~n~e-e
uwā	u~wi-~ā
aluma	a~l~u-~m+~ai
ārdi	a~r~de-~i
šia	š~ie-~a
ḫa	kig+~am+ġe-a
ḫilde	ḫ~i~l~d~e
nēravi	n~ē~r~a-~v~e
kādūlāīn	k~a~d~-ō~l-i-~ā~ī-~n
ḫōidan	ḫ~ō-~i~d~-e~n
ḫuwe	ḫ~u~~e
fažamma	f~a~ži-~a=~m~m~a
šuppaššab	š~u~p~p+~a+~š~še-~a~=v
aluwīb	a~l~u~-~ī-~b
ḫāvorunnive	ḫ~ā~v~o~r~o~+~n~i-ne-~v~e
āššaniba	ā~š~š~a~n~i~-v~a
ḫāra	ḫ~ā~ri-~a
adal	a~di-~a=~l
kēva	k~e~vi-~a
šāli	š~ā~l-~i
ivi	i~v-~i
kišḫinin	k~e~š~ḫ~i-~n~e-~n
niga	n~i~g-~a
ḫirīdi	ḫ~i~r+~ī~d~i
taw-ti	t~a~u~d~~i
ilāvān	i~l~ā~v~ā=ā~n
ḫamaziažidan	ḫ~a~m~a~z+~i+~a~+~šše-~d~a~n
āšti	ā~š~t~i-i
ēmmanzeneva	ē~m~m~a~n+~z~e-~n~e-~v~a
pabanna	p~a~b~a+~ni-~n~a
talippa	t~a~l~i~p~pi-~a
šīe	š~i~e
tāni	t~ā~n-~i
ava	a~v-~a
pāri	p~ā~r-~i
pa	ḫarb-~a
fondurunnenna	f~o~n~d~u~r~+o+~n~n~i=~n~n~a
sigalduži	s~i~g~a~l~d~+o+~ž~e
išḫarā	i~š~ḫ~a~r~a-ž
pāirra	p~ā~i~r~i-n~a
iraden	i~r~a~d~e=~n
ābēni	ā~b~ē-~n~e
šildanurum	š~i~l~d-~a~n-~u~r~-o-~m
šurrū	š~u~r~r-~ū
ōmmennivā	ō~m~m~i~ni-~n~e-~v~ā
mānnubōr	m~ā~n~n~-o-~b~ō~r
tarmanna	t~a~r~m~a~ni-~n~a
ābēni	ā~b~ē-~n~e-e
teġulli	t~e~ġ~+~o~l+~i-ne
igingališša	i~g~i~n~g~a~l~i~š~-v~a
ubi	u~b~i
šaġadnadi	š~a~ġ~a~d+~n+~a~d~i
pabannaže	p~a~b~a+~ni-~n~a-a~ž-~e
puġuiridama	p~u~ġ~u~i~r~i-i-~d~a=~m~a
kirenze	k~i~r~e+~n+~z~e
arulli	a~r~-~o~l-~i-le
šīwḫa	š~ī~u~ġi-~a
urgi	u~r~g~i
āttanima	ā~t~t~a+~n~i=~m~a
kibe	k~i~pp~e
mēgummi	m~ē~g-~u~m~m~e
kādi	k~ā~d~i
ēġlianaž	ē~ġ~l~i+~a~n~a-~ž
ḫutḫi	ḫ~u~t~ḫ~i
āllānni	ā~l~l~ā~ni-~n~e-e
teššena	t~e~š~š~e-~n~a
pendu	p~e~n~d-~u
neššidal	n~e~š~š~i-i-~d~a=~l
futkiž	f~u~t+~k~i-i-~ž
talaštaw	t~a~l-~a~š~t-~a~w
āmba	ā~m~b-~a
nōġaššeni	n~ō~ġ~a~š~š~e-~n~e-e
ulmināžuž	ū~l+~m~e-~na-~ā~ž~-o~ž
kēbli	k~ē~b+~l~i
šuratḫiniž	š~u~r+~a+~t~ḫ~e-~n~e-~ž
tarni	t~a~r~n-~i
ižuġnai	i~ž~u~ġ+~ni-~a~i
tešši	t~e~š~š~i
talmōġa	t~a~l~m-~ō~ġ-~a
pirugāra	p~i~r-~u~g~ā~r-~a
ubīn	u~b~i-~n
agulla	a~g~-o=~l~l~a
ižammēni	i~ž~a+~m~m~ē-~n~e-e
ḫōidu	ḫ~ō-~i~d~-o
ašḫō	a~š~ḫ-~ō
šaržarappan	š~a~r+~ž~a~r-~a~=~ff~a=a~n
šaržarappan	š~a~r~ž-~a~r-~a~=~ff~a=a~n
šīġāttāma	š~ī~ġ-~ā~t-~t-~ā=~m~a
avālġi	a~v~+a~l+~ġ~e
taġažīb	t~a~ġ-~a~ž-~ī-~b
tūnidu	t~ū~n-~i~d~-o
ideb	i~d~e-~b
alulū	a~l~-o~l-~ū
puġuiridama	p~u~ġ~u~i~r~i-~d~a=~m~a
pāriža	p~ā~r+~i+~že-~a
ḫivollāda	ḫ~i~v+~o~l~l+~ā~de-~a
užōna	u~ž-~ō~n-~a
arōlawunna	a~r-~ō~l-~a~w~=~n~n~a
šabla	š~a~v~li-~a
kirġe	k~i~r~ġ~e
avarrie	a~v~a~r~~i~-nē
āmmōm	ā~m~m-~ō-~m
kiraraštum	k~i~r-~a~r-~a~š~t~-o-~m
šeġellina	š~e~ġ~e~l~l~i-~n~a
šarri	š~a~r~~i-ne
nawnībuwe	n~a~u+~ni-~ī~ff~u-~w~e
ḫenzādu	ḫ~e~n~z-~ā~d-~u
ēlgilla	ē~l~g~i=~l~l~a
uminīe	o~m~i~ni-~ī~e
šāġlēž	š~ā~ġ~l~ē-~ž
numribi	n~u~m~r~i~-~i-ve
alipši	a~l+~i~p~š+~i
idevinež	e~d~e-~v~e-~n~e-~ž
ebirni	e~v~e~r+~n~i
eġepšullīma	e~ġ+~e~p~š-~u~l~l~ī=~m~a
kumrie	k~u~m~r~i~-i-ē
aruluššina	a~r~-o~l~-o-~š~š~e-~n~a
ḫaššiadi	ḫ~a~š~š~i~a~d~i
šēšše	š~ē~š+~š~e
nēra	n~ē~ri-~a
kašti	k~a~š~t~i
uīž	uw~ī-~ž
ḫīla	ḫ~ī~l-~a
šarraššinin	š~a~r~r+~a+~š~š~e-~n~e=~n
telippa	t~e~l-~i~-~b=m~a
ēblava	ē~b~l~a-~v~a
šindižūwad	š~i~n~d~i+~ž+~ū~wi-~a=~d
alumain	a~l~u-~m+~a~i-~n
mazanuri	m~a~z~a~n~u~r~i
fonuġunna	f~o~n~u~ġ~u~ni-~n~a
nūbīnīn	n~ū~b~ī-~n~ē-~n
ševerrāže	š~e~v~e~r~i-na-~ā~ž-~e
kūdaīž	k~u~d-i-~a~ī-~ž
šidōri	š~i~d+~ō+~r~i
ḫaštalli	ḫ~a~š~t-~a~l~-~i-le
ḫalban	ḫ~a~l~b~a=~n
inuma	i~n~u=~m~a
ušturab	u~š~t-~u~r-~a-~b
avarrašta	a~v~a~r~i-n~a-a~š-~t~a
sāzin	s~ā~z~i-~n
tōrala	ped~ō~r~a~li-~a
šīrna	š~ī~r+~ni-~a
šialōžum	š~i~a~l-~ō~ž~-o-~m
murġulišta	m~u~r~ġ~u~l~i~š~ti-~a
šīa	š~īe-~a
ene	e~n~i
abiššā	a~v~e~-~š=nn~ā
ākkadene	a~k~k~a~d~e-~n~e-ve
šela	š~e~l-~a
mirešḫini	m~i~r+~e+~š~ḫ~i-~n~e
kērēni	k~ē~r~i~-~ie-ne
eginniniž	e~g+~i+~n~n~i-~n~e-~ž
sakkandi	s~a~k~k~a~n~d~i
šūḫḫuluštib	š~ū~ḫ~ḫ-~u~l-~u~š~t-~i-~b
kutkūda	k~u~t~k-~ū~d-~a
ḫāžāri	ḫ~ā~ž-~ā~r-~i
pindab	p~i~n~d-~a-~b
šūwarudanam	š~ū~w~a~r~u~di-~a=~n=~a~m
sōšši	s~ō~š~š~i
anni	a~n~n~i
sāzin	s~ā~z-~i-e~n
tālāl	t~ā~li-~ā=~l
ubugarženi	u~b+~u~g~a~r+~ž~e-~n~e
šūre	š~ū~ri-r~e
ōššunila	ō~š~š-~u~n-~i~l-~a
šūrōm	š~ū~r-~ō-~m
šōi	š~ō-~i
pāžēni	p~ā~ž~ē-~n~e
maġirri	m~a~ġ~i~r~~i-ne-e
pērġēna	p~ē~r~ġ~ē~ni-~a
nakkillān	n~a~k~k-~i=~l~la=~ā~n
tunivadai	t~o~n-~i-~v~a~de-~a~i
āšḫō	ā~š~ḫ~ō
ēlgilla	ē~l~g~i-i=~l~l~a
šūwada	š~u~w~a-~d~a
kumrie	k~u~m~r~ē~
padni	p~a~d~n~i
puglāla	p~u~g~l-~ā~l-~a
kumarvinīel	k~u~m~a~r~v~e-~n~ē~-ž=~l
nūduža	n~ū~d~-o~ž-~a
enudōbin	e~n+~u~d-~ō~-~va-e~n
nakkidūwa	n~a~k~k~-e~d-~ū~w-~a
šēnna	š~ē~na-~n~a
ḫīdam	ḫ~ī~d~a~m
ḫūduštum	ḫ~ō~d-~u~š~t~-o-~m
enarġalla	e~n+~a~r+~ġe-~a=~l~l~a
tiḫḫida	t~i~ḫ~ḫ~i-i-~d~a
idennanež	i~d~e~n~n~a-~n~e-~ž
ileška	i~l~e~š~ki-~a
āmmibālla	ā~m~m-~i-~b-~ā=~l~l~a
suḫḫinie	s~u~ḫ~ḫ~i-~n~ē~
udipšarran	u~d~i~p~š~a~r~r~a=a~n
kinnāri	k~i~n~n+~ā~r+~i
kubāġinel	k~u~b~ā~ġ~i-~n~e-ž=~l
kādala	k~ā~d+~a~li-~a
forima	f~ō~r~i=~m~a
fōrīman	f~ō~r-~ī=~m=~a~n
ḫōlāmmi	ḫ~ō~l~ā+~m~m~i
ḫelda	ḫ~i~l~di-~a
kutkūda	k~u~t+~k~ū~di-~a
tammaderra	t~a~m~m~a~d~e~r~i-n~a
kullāe	k~o~l-i-~l-~ā~e
ulluġēdi	u~l~l-~u~ġ-~ē~d-~i
teġulli	t~e~ġ~+~o~l+~i-ne-e
išḫara	i~š~ḫ~a~r~a
tažulūwa	t~a~ž~-o~l-~ū~w-~a
futkib	f~u~t+~k~i-~b
ištanida	i~š~t~a~n~i-i-~d~a
pāġōža	p~ā~ġ-~ō~ž-~a
tāndu	t~ā~n-i~d~-o
kamallenna	k~a~m~a~l~i-n~e-~n~n~a
alamuž	a~l~a~m~i-o~ž
adal	a~d-~a=~l
sōnni	s~ō~ni-~n~e-e
pāġida	p~ā~ġ~i-i-~d~a
ašḫuidan	a~š~ḫ~u-~i-~d~a~n
arulib	a~r~-o~l-~i-~b
azaldili	a~z-~a~l-~d-~i-~l~e
tiḫḫida	t~i~ḫ~ḫ~-e~d-~a
šadna	š~a~d~ni-~a
nakki	n~a~k~k-~i
naḫḫuža	n~a~ḫ~ḫ~+o+~že-~a
tāġe	t~ā~ġ~e
kešḫīda	k~e~š~ḫi-~ī-~d~a
pūziġub	p~ū~z+~i~ġ~-~o-m
fōril	f~ō~r~i-i=~l
telumma	t~e~l~-o-~m=~m~a
āġridal	ā~ġ~r~i-i-~d~a=~l
ḫōrāmi	ḫ~ō~r-~ā~m-~i
ema	e=~m~a
ālva	ā~l~vi-~a
apsižnāġi	a~p~s~i~ž~n~ā-~ġ~e
ammužima	a~m~m~-o~ž-~i=~m~a
uriu	u~r-~i~-o
āššaniba	ā~š~š~a~n~i-~b-~a
nāva	n~a~v-~a
tārrež	t~ā~r~i-n~e-~ž
fazuranni	f~a~z+~u~r+~a+~n~n~i
tebušḫa	t~i~v~+o+~š~ḫe-~a
parissade	p~a~r~i~s~s+~a~d~e
aguma	a~g~u~mi-~a
fogugari	f~o~g+~u~g~a~r+~i
ēārež	ē~ā~r~i-~ž
arduġiniž	a~r~d~+o+~ġ~e-~n~e-~ž
pēbi	f~ē~-~ve
šašfe	š~a~š~f~e
šōeniveninna	š~ō~e-~n~e-~v~e-~n~e-~n~n~a
ḫalzēni	ḫ~a~l~z~e-~n~e-e
šagarriž	š~a~g+~a~r~+~i-ne-~ž
egēni	e~g~e-~n~e-e
ḫōruppi	ḫ~ō~r-~u~p~p-~i
pāriženna	p~ā~r+~i+~ž~e-i-~n~n~a
sūwae	s~ū~ve-~a~e
tarriž	t~a~r~~i-ne-~ž
ḫuwavanivab	ḫ~u~w~a~v~a-~n~e-~v~a~=v
pāri	p~ā~r~i
šimegai	š~i~m~i~g~a+~i
tapšāġa	t~a~p~š+~ā~ġ+i-~a
tāġa	t~ā~ġ-~a
forāna	f~o~r+~ā~n~a-a
pudulināi	p~u~d+~u~l+~i+~ni-~ā~i
ḫaštalli	ḫ~a~š~t+~a~l~+~i-ne-e
āštagādab	ā~š~t+~a~+kk~ā-~d~a~=m
evarip⸢fa?⸣an	e~v~a~r~i~-~i~f~f~e~-~a=a~n
tagēže	t~a~g~ē+~ž~e
šaržāraima	š~a~r~ž~ā~r~a~i~m~a
kēdadužei	k~ē~d+~a~d~+o+~ž~e-~i
iraden	i~r-~a~d-i-~e~n
arri	a~r~~i-ne-e
sūleška	s~ū~l+~e~š~ki-~a
mana	m~a~n~a
ālva	ā~l~v-~a
ašḫōnan	a~š~ḫ~ō-~n=~a~n
favanašta	p~a~b~a+~ni-n~a-a~š-~t~a
puttiġiž	p~u~t+~t+~i+~ġe-~i-~ž
uġi	u~ġ~i
tivivudab	t~ī~v~e-~v-~u~d~a~=m
azaldēda	a~z-~a~l-~d-~ē~d-~a
pāġi	p~ā~ġ~i
natkāmmannāža	n~a~t~k+~ā~m~m+~a+~ni-~na-~ā~ž-~a
arulli	a~r-~u~l~l-~i
kumarvenella	k~u~m~a~r~v~e-~n~e-ž=~l~l~a
nōdiri	n~ō~d~i~r~i
itkurinella	i~t~k~+o+~r~e-~n~e-e=~l~l~a
šukkunna	š~u~k~k~+o+~n~ni-~a
nēlaban	n~ē~li-~a~=v=~a~n
ēlgāe	ē~l~gi-~ā~e
kivožuž	k~e~v+~o+~ž~e-o~ž
šurrād	š~u~r~r-~ā=~d
ḫārra	ḫ~ā~r~i-n~a
šīb	š~ī-i-~b
tārra	t~a~r~i-n~a
firiški	f~i~r+~i~š~k~i
pāinniž	p~ā+~i+~n~n~i-i-~ž
māri	m~ā~r~i
udipšarran	u~d~i~p.~š~a~r~r~a=~n
pabāni	p~a~b~ā+~n~i
kešḫini	k~e~š~ḫ~i-~n~e-e
ēblan	ē~b~l~a=~n
šōvae	š~u~w~a-a~e
mužunnež	m~u~ž+~u+~ni-~n~e-~ž
ḫavārri	ḫ~a~v+~ā~r~+~i-ne
pendun	p~e~n~d~-o=~n
ḫerinež	ḫ~ē~r~i-~n~e-~ž
ḫōpšineva	ḫ~ō~p~š~i-~n~e-~v~a
taptani	t~a~p-~t-~a~n-~i
šīa	š~ī-ī-~a
aōl	a~ō=~l
tālāl	t~ā~le-~ā=~l
nubin	n~u~b~i-~n
šāmanni	š~ā~m~a~ni-~n~e-e
mānura	m~ā~n~u-~r~a
sikkulli	s~i~k~k-~u~l~l~i
ḫinzida	ḫ~e~n~z~i-i-~d~a
amattena	ām~m~ā~t~t~e-~n~a
suguġēda	s~u~g-~u~ġ-~ē~d-~a
kumži	k~u~m~aḫš~i
ažaštilib	a~ž-~a~š~t-~i~l-~i-~b
ḫavorōnni	ḫ~a~v~o~r~ō~+~n~i-ne-e
šavālla	š~a~v~ā~l~i-n~a
tīva	t~īe-~v~a
fōrīman	f~ō~ri-~ī=~m~a~n
nubin	n~u~b~i=~n
suwaḫḫu	s~u~w~a~ḫ~ḫ~u
šattub	š~ā~t~t~-~o-m
faġrāma	f~a~ġ~ri-~ā=~m~a
keldāi	k~e~l+~di-~ā~i
igingališḫenāma	i~g~i~n~g~a~l~i~š-~ḫ~e-~n~ā=~m~a
šūnib	š~ō+~n~i-~b
ḫubli	ḫ~u~b~l-~i
ištanin	i~š~t~a~n~i=~n
kiškižiaššenina	k~i~š+~k~i~ž+~i+~a+~š~š~e+~n~i-~n~a
tāna	t~ā~ni-~a
ḫuenivan	ḫ~u~e+~n~i-~v~a=~n
tīa	t~e-i-~a
kummini	k~u~m~m~e-~n~e
ōġni	ō~ġ+~n~i
kuraḫḫa	k~u~r+~a+~ḫ~ḫe-~a
forili	f~ō~r-~i-~l~e
ittilivaž	i~t~t-~i-~l~-e~v~a-~ž
ummana	u~m~m-~a~n-~a
šīġāttāma	š~ī~ġ+~ā~t~ti-~ā=~m~a
šullūbri	š~u~l~l~ū~b~r~i
šuinež	š~u~i-~n~e-~ž
tidištēdi	t~i~d-~i~š~t-~ē~d-~i
fāġie	f~a~ġ~i-i~e
turuḫḫe	t~ū~r~+o+~ḫ~ḫ~e
pussa	p~u~s~s-~a
tānuže	t~ā~n~+o+~ž~e
kēažima	k~ī~a~ž~e=~m~a
kibāšši	k~e~b-~ā-~š~š~e
pāžēni	p~ā~ž~ē-~n~e-e
īnippinid	ie~n~i-~p-~p~e-~n~(e)-e=~d
ušḫuni	u~š~ḫ~u+~n~i
šēri	š~ē~r~i
nerīda	n~e~r~i-i-~d~a
ḫelāma	ḫ~e~li-~ā=~m~a
immaškun	i~m~m~a~š~k~u=~n
ardinin	a~r~d~e-~n~e-e=~n
kutte	k~u~d~-id-~e
kašti	k~a~š-~t-~i
ḫalikkuli	ḫ~a~l~i~k~k~u~l~i
ni	murn-~i
šelluġlupšenie	š~e~l~l~+o+~ġ+~l~+o+~p~š~e-~n~ē~
ažammu	a~ž-~a~m~m~-o
ērġima	ē~r~ġ-~i=~m~a
ištuma	i~š~t~u~mi-~a
paġēda	p~ā~ġ-~ē~d-~a
meġa	m~ē~ġ-~a
ḫažimāi	ḫ~a~ž-~i+~m+~ā~i
ḫōpten	ḫ~ō~p~-id-~e~n
šīb	š~ī-~b
ari	a~r~i
piġīe	p~i~ġ-~ī-~e
munġīe	m~u~n~ġ-~ī-~e
nuburna	n~u~b~u~r+~ni-~a
āšḫun	ā~š~ḫ~o-~n
ūrmi	ū~r~m~i
tōniliffa	t~o~n-~i-~l~e=~f~f~a
aġāštedu	a~ʾ-~ā~š~t-~e~d~-o
alumma	a~l-~u~m~me-~a
nānašti	n~ā~n-~a~š~t-~i
tali	t~a~l~i
ḫassin	ḫ~a~s~s~i=~n
pa	ḫurbi-~a
kikkunimma	k~i~k~k~+o+~n~i=~m~m~a
tīva	t~īe-~v-~a
tevena	t~ī~v~e-~n~a
šāvālli	š~ā~v~ā~l~~i-ne
šerġuž	š~e~r+~ġ~e-o~ž
alumain	a~l-~u+~m+~a~i-~n
šeniffi	š~e~na-~i~f~f~e
abiġarrivenella	a~b+~i~ġ+~a~r~+~i-ne-~v~e-~n~e-e=~l~l~a
ōššužanna	ō~š~š~u~ž+~a+~n~ni-~a
pāinniž	p~ā+~i+~n~n~i-~ž
ēdu	ē~d~-o
tamarra	t~a~m+~a~r~+i-n~a
šēže	š~ē~ž~ē
kundi	k~u~n~d~i
kēda	k~ē~d-~a
sālī	s~ā~li-~ī
allīġa	a~l~l-~ī~ġ-~a
āllaiwta	ā~l~l~a+~i~-~ud~a
palaġa	p~a~l~a~ġi-~a
ulaffa	o~li-~a=~f~f~a
aimān	ā~i=~m~ā~n
anzu	a~n~z~-o
awtuwi	a~~~u~dū~i
āšḫuž	ā~š~ḫ~-o-e~ž
igida	i~g~i-i-~d~a
ižīma	i~ž-~ī=~m~a
abima	a~v~e=~m~a
uittani	u~w+e~t~t+~a+~n~i
ašḫōnan	a~š~ḫ~ō=~n=~a~n
nanādum	n~a~n-~ā~d~-o-~m
naġēdu	n~a~ḫḫ-~ē~d-~u
evarip⸢fa?⸣an	e~v~a~r~i~-~f-~f~a~=~~a~n
šidarbu	š~i~d~a~r~b~u
kiššen	k~e~š~š~e=~n
mānga	m~ā~n+~g+~a
tārri	t~ā~r~~i-ne
išḫarada	i~š~ḫ~a~r~a-~d~a
pendiža	p~e~n~d-~i~ž-~a
ḫarġaraima	ḫ~a~r~ġ~a~r~a~i~m~a
urunni	u~r~+o+~n~n~i
tāndu	t~ā~n-~d~-o
fōril	f~ō~r-~i=~l
tara	t~a~r-~a
palia	p~ā~l-~i-~a
tēġida	t~ē~ġ~i-~d~a
uēttani	uw+~ē~t~t+~a+~n~i
fažamma	f~a~ž-~a=~m~m~a
univia	u~n~i~v~i-i-~a
nakkidaššu	n~a~k~k~-e~d-~a~š~š~o
kadulli	k~ā~d~-~o~l-~i-le
šauškada	š~a~vo~š~k~a-~d~a
ḫōenēmma	ḫ~ō~e+~n~i-i-e=~m~m~a
amudōbadi	a~m+~u~d-~ō-~b~a~d~e
šūnīda	š~ō~ni-~ī-~d~a
taġavure	t~a~ġ~a~v~u~ri-n~e
ārdīdani	a~r~de-~ī-~d~a~n〈〈~i〉〉
ḫižmini	ḫ~i~ž~m~i-~n~e-e
fel	f~ē-~lla
kužapḫi	k~u~ž~a~~ḫ~-fe
amanniniba	a~m+~a+~n~n~i-~n~e~-v~a
šēġalana	š~ē~ġ~a~l~a-~n~a
areššal	a~r+~e+~š~še-~a=~l
ari	ā~r~i
šema	šin+ž~e=~m~a
šōima	š~ō-~i=~m~a
eženēbi	e~ž~e-~n~ē~-~ve
šīnimma	š~ī~n~i=~m~m~a
allīġa	a~l~l+~ī+~ġe-~a
amānumal	a~m+~ā~n+~u~mi-~a=~l
ḫōrražalla	ḫ~ō~r~i-n~a-a~ž-~a=~l~l~a
ubīn	ov~e~=~n
karēnažuž	k~a~r~e-~n~a-ā~ž~-o~ž
kumrie	k~u~m~r~i~-iē
enež	e~n~i-~ž
šarnitḫe	š~a~r~n+~i+~t~ḫ~e
ḫubna	ḫ~u~b~ni-~a
šūpta	š~ū~p-~t-~a
inu	i~n~u
izōzi	i~z~u~z~i
munġīe	m~u~n~ġi-~ī~e
tara	t~a~ri-~a
ḫūruffeni	ḫ~ū~r~u~f~f~e-~n~e-e
ḫattuġe	ḫ~a~t~t~+o+~ġ~e
au	a~o
našpa	n~a~š~pi-~a
uurġāb	ū~~r~ġi-~ā~=v
uniġiž	u~n+~i+~ġe-~i-~ž
egunniž	e~g~+o+~n~n~i-~ž
šugārdedāwul	š~u~g+~ā~r~d-~e~d-~ā~w~=~l
ḫerida	ḫ~e~r~i-i-~d~a
šāvalam	š~ā~v~a~l-~a=~m
avāštum	a~v-~ā~š~t~-o-~m
azallin	a~z~a~l~~i-~ne-e=n
alda	a~l~d-~a
išpiadil	i~š~p~i~a~d~i-i=~l
šāwralla	š~ā~u~ri-~a=~l~l~a
kāvāl	k~ā~v-~ā=~lla
manzōra	m~a~n-~z-~ō~r~a
pindaianni	p~i~n~d~a~i~a~+~n~i-ne
sarmadenin	s~a~r~m~a~d~e-~n~e-~n
ḫōpten	ḫ~ō~p~t-i-~e~n
ḫuišša	ḫ~o+~i+~š~še-~a
tārōni	t~ā~r+~ō+~n~i
foruššuenim	f~o~r~u~š~š~u~e+~nn~i=~m
šelužēda	š~e~l~+o+~ž~ē-~d~a
abriāži	a~b~r~i-i-~ā~ž~-e
šīa	š~ī-~a
šēri	š~ē~r-~i
aga	a~gi-~a
agūlla	a~g-~ū=~l~l~a
kižarženež	k~i~ž+~a~r+~ž~e-~n~e-~ž
ḫinnim	ḫ~e~n~n~i=~m
ela	e~li-~a
allani	ā~l~l~ā~n~i
tīvollan	t~ī~v~o~l~i-n~a=a~n
šidōri	š~i~d~ō~r~i
ubindain	u~b-~i~n~d-i-~a~i=~n
nāli	n~ā~l~i
alikki	a~l-~i-~k~k~i
tunuštu	t~o~n~-o~š~t~-o
sūlūde	s~u~l+~ū~d-~e
tōniliffa	t~ō~n+~i~l~i-i~f~fe-~a
ubīn	u~b~ī-ī-~n
tapšuržai	t~a~p~š+~u~r+~že-~a~i
ḫōenie	ḫ~ō~e-~n~ē~-va
ammēda	a~m~m-~ē~d-~a
nīnuwave	n~ī~n~u~w~a-~v~e
kaganidama	k~a~g~a~n~i-~d~a=~m~a
pabanni	p~a~b~a~+~n~i-ne-e
ḫaniri	ḫ~a~n+~i+~r~e
pabni	p~a~b+~n~i
kōlma	k~ō~l~m-~a
šūre	š~ū~ri-r~e-e
kāmmi	k~a~m~m~e
kaiġida	k~a+~i+~ġ~e-~d~a
umban	u~m~b~a=a~n
talavoži	t~a~l~ā~v+~o+~ž~e
mirulavāl	m~i~r+~u~l+~a~vi-~ā=~l
subnīa	s~u~b~ni-~ī-~a
ḫavārri	ḫ~a~v~ā~r~~i-ne-e
nēlaban	n~ē~l~a-~b=~a~n
agabēnāža	a~g~a~-v~ē-~na-~ā~ž-~a
šeġalummālla	š~e~ġ~a~l-~u~m~me-~ā=~l~l~a
tēna	t~ē+~ni-~a
sītkūli	s~i~t~k~-ō~l-~i
issēdi	i~s~s-~ē~d-~i
sigaldi	s~i~g-~a~l-~d-~i
šēriž	š~ē~r~i-~ž
āšti	ā~š~t~i
mandukkaella	m~a~n~d~u~k~ki-~a~e=~l~l~a
ḫalzōġla	ḫ~a~l~z+~ō+~ġ+~li-~a
āpši	ā~p~š~i
talamdib	t~a~l~a~m+~d-~i-~b
ḫōbri	ḫ~ō~b~r~i
ḫurida	ḫ~o~r~i-i-~d~a
šummi	š~u~m~m~i
teai	t~ei-~a~i
mēginella	m~ē~g~i-~n~e-ž=~l~l~a
šīrnamma	š~ī~r+~ni-~a=~m~m~a
šōrra	š~ō~r~r-~a
adal	a~d~a~l
evarip⸢fa?⸣an	e~v~a~r~i~-~i~f~f~e~-~a=~n
attanōva	a~t~t-~a~n-~ō-e~v~a
ari	a~r-~i
šōvae	š~ō-~ve-~a~e
kibašši	k~e~b-~a-~š~š~e
ḫōlulidu	ḫ~ō~l~-o~l-~i~d~-o
ḫūžia	ḫ~ū~ž-~i-~a
pilla	p~i~l~le-~a
ēšḫi	ē~š~ḫ~i
aninie	a~n~e-~n~e-~e
namla	n~a~m~li-~a
šibā	š~i~b-~ā
illaiaġe	i~l~l~a~i~a-~ġ~e
šāli	š~ā~l~i
ōššužanna	ō~š~š~u~ž+~a+~ni-~n~a
fōri	f~ō~r-~i
tāžēni	t~ā~ž~ē-~n~e-e
tarria	t~a~r~r-~i-~a
tapšaḫḫa	t~a~p~š+~a~ḫ~ḫ+i-~a
tūnāḫḫi	t~ū~n+~ā+~ḫ~ḫ~e
ēbrež	ē~v~r~i-i-~ž
ḫēri	ḫ~ē~r-~i
ḫāžarri	ḫ~ā~ž+~a~r~r+~i-ž
tagiže	t~a~g~e+~ž~e
aruri	a~r~-o-~r~e
kibure	k~i~b~u~ri-n~e
šōruž	š~ō~r~-o-e~ž
māttal	m~ā~t-~t-~a=~l
kirunna	k~i~r~-o=~n~n~a
aruwallāenama	a~r~u~w~a~l~l~ā~e-~n~a=~m~a
tēna	t~ē~ni-~a
ārdivošša	a~r~de-~i~ff~o~-~š=nn~a
tabakka	t~a~b~a~k~ki-~a
tārri	t~ā~r~~i-ne-e
pirrib	p~i~r~~i~-ne=v
āže	ā~ž~e
kadiōššina	k~a~d-~i-~ō-~š~š~e-~n~a
pirrib	p~i~r~~i~-ne-e=v
tōniliffa	t~ō~n+~i~l~i-~f-~f~a
fōriffān	f~ō~r~i-~f-~f~ā=~n
šadōm	š~a~d-~ō-~m
šīedi	š~ī-~e~d-~i
tīb	ti-~ī-~b
inutta	i~n~u=~t~t~a
šāmanni	š~ā~m~a~ni-~n~e
ueni	u~wi-~n~e
šidāra	š~i~d-~ā~r-~a
ḫōpten	ḫ~ō~p-~t-i-~e~n
sigalduži	s~i~g-~a~l-~d~-o~ž-~i
paššarugāra	p~a~š~š+~a~r+~u~g~ā~r+i-~a
malladael	m~a~l~l+~a~de-~a~e=~l
kangalvalla	k~a~n~g~a~l~vi-~a=~l~l~a
miġōm	m~i~ġ-~ō-~m
ḫāide	ḫ~ā-~i~d-~e
talavožināži	t~a~l~a~v+~o+~ž~e-~na-~ā~ž~-e
talmōvab	t~a~l~m~ō~v-~a-~b
ḫužušta	ḫ~u~ž-~u~š~t-~a
ariliffa	a~r~i~l~i-i~f~fe-~a
nēlli	n~ē~l~~i-ne
kiligileštum	k~e~l~i+~g~e~l-~e~š~t~-o-~m
ḫīdūri	ḫ~ī~d~ū~r~i
tānni	t~ā~ni-~n~e
ḫavorunnima	ḫ~a~v~o~r~o~+~n~i-ne-e=~m~a
telumma	t~e~l-~u~m~me-~a
ardinin	a~r~d~e-~n~e-~n
agib	a~g-~i-~b
agūlla	a~g~ū~l~li-~a
attaibinešša	a~t~t~a+~i~-~ve-~n~e~-~š=nn~a
ni	ḫarn-~i
nāžarni	n~ā~ž+~a~r+~n~i
tamrīl	t~a~m~ri-~ī=~l
ḫavorunniva	ḫ~a~v~o~r~o+~n~n~i-ne-~ve-~a
kadānu	k~a~d-~ā~n~-o
aštuḫḫina	a~š~t~+o+~ḫ~ḫ~e-~n~a
timerrē	t~i~m~e~r~i-ne-~ē
ara	aġu~ri-n~a
fōriffān	f~ō~r~i-i~f~fe-a=~ā~n
mādinivi	m~ā~d~i-~n~e-~v~e
šīnunaġi	š~ī~n~u~n~a~ġ~i
tarēna	t~a~r~ē-~n~a
šīa	š~ī~a
ūlluž	ū~l~l~u-~ž
arulim	a~r~-o~l-~i=~m
šagumženež	š~a~g+~u~m+~ž~e-~n~e-~ž
pugulba	p~u~g~u~l-~b-~a
ārnil	ā~r~n~i-i=~l
kundi	k~u~n~d-~i
fōrālīnie	f~ō~r+~ā~ll+~ī+~nn~i~-i-ē
šidilāi	š~i~d-~i-~l-~ā~i
nūrraža	n~ū~r~i-n~a-a~ž-~a
šēža	š~ē~ži-~a
ōštu	ō~š~t~-o
ḫaštalli	ḫ~a~š~t+~a~l~+~i-ne
ḫuwe	ḫ~ū~~e
šenda	š~i~n~d-~a
nāuffa	n~ā-~u~f~f-~a
pendōn	p~e~n~d-~ō=~n
āšḫun	ā~š~ḫ~u-~n
emaššeni	e~m~a~n~+ž~e-~n~e
kummōġi	k~u~m~m+~ō+~ġ~e
āġaštetta	ā~ʾ-~a~š~t~-i=~t~t~a
tōpšida	t~ō~p~š~-e~d-~a
ḫimzatḫōži	ḫ~i~m~z+~a+~t~ḫ-~ō~ž-~i
purandi	p~u~r~a~n~d~i
pizigarra	p~i~z~i~g~a~r~r~a
šīnim	š~i~n~i=~m
tāndu	t~ā~n-~d-~u
kumminive	k~u~m~m~i-~n~e-~v~e
pāīnnia	p~ā~ī~ni-~n~e-v~a
ḫōenēmma	ḫ~ō~e-~ne-~ē=~m~m~a
ni	murn~i
ḫāulimāīn	ḫ~ā~-o~l-~i+~m+~ā~ī-~n
tapšāġina	t~a~p~š+~ā~ġ+~i-~n~a
išteniffāmma	i~š~t~e~n~i-~f-~f~e=~m~m~a
fažumai	f~a~ž-~u+~m+~a~i
agivātta	a~g-~i-e~v~ā=~t~t~a
ēblaġeniva	ē~b~l~a-~ġ~e-~n~e-~v~a
eža	e~že-~a
kēbini	k~ē~b~i-~n~e
nārišše	n~ā~r~i+~š~š~e
umina	o~m~i~ni-~a
ḫideneve	ḫ~i~d~e-~n~e-~v~e
