šālabnira	šālabniri-a
uġōššāi	oġ+ō+šše-āi
užunnibina	už+o+nni-ve-na
eradāe	erade-āe
agum	ag-o-m
pāġiž	pāġi-ž
šubribinibi	šubri-ve-ne-ve
tadāe	tādi-āe
nakkillān	nakk-i=lla=ān
tārra	tāri-na
maruži	mar-ož-i
ḫebatti	ḫebad-ve
mādinivi	mādi-ne-ve
šēalidin	šēal-id-en
fažamma	fāži-a=mma
ḫearuḫḫi	ḫi+ar+o+ḫḫe
itkian	itk-i-an
abiaža	avi-i-až-a
šēržēni	šer+že-ne
ibini	ibi-ne
ḫurida	ḫōri-i-da
idīe	id-ī-e
kubababāi	kubaba-ve-āi
arōlawunna	ar-ōl-aw=nna
aštāgabi	aštaga-ve
passūwa	pass-ūw-a
nilōž	nēli-ōž
nāināžuž	nai-na-āž-ož
kādōva	kad-ūv-a
immandena	immande-na
miržāe	mirž-i-āe
tažmežarri	tažmi.šarri
tōmmušše	tōmmo+šše
talippa	tāl-i=ffa
kešḫini	kešḫi-ne-e
nakkuppu	nakk-uffu
tōrōbinibi	torove-ne-ve
tadanida	tad+a+ni-da
fažumai	faž-u+m+ai
šēni	šēn-i
nudanzaġīvan	nudan+z+a+ġe-ī-va=an
uġōni	oġ+o+ni
pella	pille-a
elabae	ela-ve-ae
karžida	karži-da
umve	umve
urina	ure-na
ašḫunilla	ašḫo-ne-e=lla
kīzirriva	kīziri-ne-va
neġirna	neġer+ni-a
kumruḫḫāl	kumr+o+ḫḫe-ā=l
sāzin	sāzi=n
ḫāža	ḫāži-a
itkašta	itk-ašt-a
kēnnādal	kēnnādi-a=l
išḫuniba	išḫoni-va
urgi	urgi
tebi	tive
idenni	idenni
fāžuž	faž-o-ež
tāġid	tāġe=d
ḫōidan	ḫō-id-en
alġi	alġi
fāra	fāri-a
šīra	šīr-a
mānal	mān+a=l
tagižina	tage+že-na
šōvalada	šowali-a=tta
pāžida	fāži-i-da
ḫenni	ḫenni
aštuḫḫinažāi	ašt+o+ḫḫe-na-až-e-āi
pāžannel	fāžani-ne-e=l
mānnubōr	mānn-o-bōr
ašḫužekkunni	āšḫ+ož+i+kk+o+nni
pižirri	pižiri-ne
ēnġa	ēnġi-a
madāppa	mādi-ā=ffa
allai	ālla+i
telumma	tel-o-m=ma
nērara	nera-ra
ḫōdannibāe	ḫōd+a+nni-ve-āe
ištuma	išt-o=ma
munġīe	munġi-īe
kibi	kibi
pašipa	pāži-i-va
itkalzi	itkal+zi
fūru	fūr-u
ižīmāin	iž-ī+m+āi-n
ōrdappanan	ōr+d-a=ffa=nan
nabarbinēda	nabarbi-nē-da
abiġarrivenella	ab+iġ+ar+i-ne-ve-ne-e=lla
kūmdenivenin	kūm+de-ne-ve-ne-e=n
tāġēma	tāġe=ma
šelužēda	šel+o+že-ē-da
ḫažarāe	ḫāž+ar+i-āe
šullūbri	šullūbri
taržuwāni	taržuwa+ni
šenzūwatta	šen+z+ūwi-a=tta
kiāžēni	kiaže-ne
kēbillāžuž	keb+li-na-āž-ož
igida	egi-i-da
šōġuri	šōġori
eġlibi	eġli-ve
ḫuenivan	ḫue-ne-va=n
ḫillēl	ḫill-ē=l
ūlmenivož	ūl+me-ne-ve-ož
mōrri	mōri-ne
ēblaġeniva	ēbla-ġe-ne-va
ḫārapḫāīb	ḫār+a+ġe-ve-āī=v
pālā	pāli-ā
ḫōbēdi	ḫōb-ēd-i
lullimbara	lull+i+mb+ar+i-a
elminida	elmi-ne-da
udipšarin	odip.šarri=n
ūmmumaššiniva	umm-o-m-a-šše-ne-va
uwanāža	uwi-na-āž-a
ivi	iv-i
mādida	mādi-da
māmmurine	mamm+o+re-ne-e
taw-ti	taudi
šērini	šēri-ne
kumrie	kumri-i-ē
nakti	nakt-i
pella	pili-na
eda	edi-a
šēġalubada	šēġal+o+bade-a
kivōrġēnivōž	kiv+ōr+ġē-ne-v-ōž
itkōlāi	itk-ōl-i-āi
uittani	uw+ett+a+ni
šāmanni	šāmanni
irna	irn-a
pušši	pušši
kirulēž	kir-o-l-ēž
tivinām	tive-nā=m
eġinen	eġi-ne-n
neššidal	nešši-da=l
kažlulēž	kažl-o-l-ēž
pārirunni	pār+i+r+o+ni-ne
inūru	in-ūr-o
pālikkamma	pal-i-kki=mma
nabūma	nāb-ū=ma
uwa	uwi-a
izōzi	izuzi
ēkkinēn	egi-nē-n
tavaštōm	tav-ašt-ō-m
unōži	un-ōž-i
naġēdu	naḫḫ-ēd-u
ežuġni	ežuġni
ḫabalgi	ḫabalgi
šindižūwad	šindi+ž+ūwi-a=d
inzarra	en+zari-ra
kāni	kāni
faeli	fael-i
ānnež	ani-ne-ž
kulmurri	kulm+o+re-ne
ḫōdellurražuž	ḫōdelluri-na-až-ož
urunnida	or+o+nni-i-da
tōpšida	tōpši-i-da
kirāži	ker+ā+že
armuž	armi-ož
mardamanni	mardamanni
pāriža	pār+i+že-a
šimiginel	šimige-ne=l
šelluġulla	šell+o+ġ+o+li-na
purammib	pura+mmi-b
pindaulda	pind-aʾ-ol-d-a
tugrižōġa	tugriž+ō+ġe-a
surungi	sur+ung+i
tōġadužilāi	tōġ-ad-ož-i-l-āi
ḫāžarren	ḫāž+ar+i-ne-n
kužuškuženie	kuž+u+šk+o+že-ne-ē
sōīb	sōī-b
ideba	ide-va
tižiaž	tiža-i-až
ubindain	ub-ind-i-ai-n
talavožināži	talāv+o+že-na-āž-e
annivi	anni-ve
tebušḫāi	tiv+o+šḫi-āi
tamgarrida	tamgari-ne-da
šumniški	šumni+ški
āllaian	ālla+i-i-a=an
purburnīe	pur+bur+ni-ī-e
adāni	ad+ā+ni
nakki	nakk-i
irdi	ird-i
ḫebatpabnibal	ḫebad-ve-ne-va=l
keššeniva	kešše-ne-va
ižīma	iži-ī=ma
suġižalli	suġižali-ne
ḫōžānōla	ḫōž-ān-ōl-a
šīnāi	šī+ni-āi
ḫūžia	ḫūž-i-a
tunidu	ton-id-o
šerminġa	šermin+ġe-a
šabadnimma	šabad+ni=mma
ānžalāl	ānž-al-ā=l
teššužum	tešš-už-o-m
kēba	kev-a
pindab	pend-a-b
pāžēni	pāžē-ne
uža	už-a
kumdi	kūm+de
šēnna	šena-na
fel	fē-lla
naveni	nave-ne-va
ḫillamen	ḫill-am-i-en
ižinibāin	iži-ne-ve-āi=n
adamġi	ad+am+ġe
ēbrinniba	ever+ni-ne-va
nānidi	nān-ed-i
anagina	anagi-na
tiḫḫida	tiḫḫi-i-da
eža	eže-a
itkula	itk-ol-a
šēriž	šēri-ž
ḫillamen	ḫillame-n
talmu	talm-u
ardeni	arde-ne
ērbirippi	ērbiri-p-pe
kāžukku	kāž-o-kko
kādūlāīn	kad-ō-l-āī-n
ḫaburna	ḫavor+ni-a
anamminna	anammi=nna
šūranni	šūrani-ne-e
šiašši	šī-i-a-šše
āllānima	āllāni=ma
mēgi	mēgi
tidištēdi	tīd-išt-ēd-i
tādugarāi	tad+ugar+i-āi
ḫellaḫḫōri	ḫell+aḫḫ+ō+re
pendu	pend-o
tālināža	tāle-na-āž-a
šōlli	šolli
adal	ade-a=l
ḫaidu	ḫa-id-o
kirunnā	kir-o=nnā
kāššui	kāššui
šūžiž	šūži-ž
itḫiniž	itḫi-ne-ž
kažlulāež	kažl-o-l-āe-ž
tābužudam	tab-ož-o=d=am
abundišši	abundi-šši
emaššeni	eman+že-ne
paria	pāri-i-a
alumē	alu-m+aē
faġruwāde	faġr+o+vāde
tīvollan	tīvoli-na=an
tummininna	tummi-ne=nna
lablaḫḫinida	labla+ḫḫe-ne-da
tōrala	pattōrali-a
ilāvān	ilāvā-ā=n
šerġuž	šerġi-ož
mužunnež	muž+u+ni-ne-ž
egināžuž	egi-na-āž-ož
šeġellibina	šeġelli-ve-na
ulmināžuž	ūl+me-na-āž-ož
šavuškava	šavoška-va
ittilivaž	itt-i-l-eva-ž
teḫpa	teḫp-a
ḫāžažilēž	ḫaž-až-i-l-ēž
āštuḫḫi	ašt+o+ḫḫe
ērbirippi	ērbiri-iffe
katta	kad-id-a
šeššalli	šeššalli
ḫalban	ḫalba-a=an
ḫōenēmma	ḫōe-ne-ē=mma
ubīn	ove=n
kuttivenna	kuttive-nna
užu	už-u
šilaġugarilla	šil-aġ-ugar-i=lla
katkāi	kat+ki-āi
ežuġnež	ežuġni-ž
tīda	tidi-a
šia	šī-i-a
šeġellibāi	šeġelli-ve-āi
alōlašši	al-ōl-a-šše
šēšše	šēš+še
kirenze	kire+n+ze
paibiblan	paib.ebla=an
fažidan	fāži-i-dan
paibiblaž	paib.ebla-ž
ummana	umm-an-a
šēllin	šelli-n
kirāe	kiri-āe
šūwada	šowa-da
sikkōġa	sikk+o+ġe-a
anzušša	an-z-oš=nna
šazira	taziri-a
purburnīe	pur+bur+ni-īe
mužuniž	mužoni-ž
ḫūruffeni	ḫūruffe-ne-e
ižīma	iži=ma
eguššummi	eg+ušš-umme
šarža	šarže-a
taballiž	taba+li-ne-ž
tātḫināmma	tatḫi-nā=mma
nikkalul	nikkal-už=l
nagēri	nagēri
šellini	šelli-ne-e
šazira	šaziri-a
šōruž	šōr-o-ež
taptani	tap-t-an-i
ōllini	ōlli-ne
ḫāžulēž	ḫāž-o-l-ēž
forul	fōroli-ne
forida	fōri-i-da
tīa	te-i-a
apšēniž	apše-ne-ž
šib	šī-b
kummeni	kumme-ne-ve
pillanēva	pilla-nē-va
ulligummin	ulli.kummi=n
šīri	šīr-i
fāra	fār-a
tōri	tūr-i
pendidu	pend-id-o
šaġadnadi	šaġad+n+adi
kōruppi	kōruppi
talaštaw	tal-ašt-aw
tāngaimā	tān+gi-ai=mā
šīna	šī+ni-a
foglāla	fogl-āl-a
ḫillamen	ḫillame=n
ištanīda	ištani-ī-da
sūgētteni	sūgētte-ne-e
kažiarrinel	kažiari-ne-ne=l
aštuḫḫina	ašt+o+ḫḫe-na
sabalgina	sabal+gi-na
āšti	āšte-i
māli	māl-i
itta	itt-a
talippa	tale-p-pa
nabarbin	nabarbi=n
kirarni	kir+ari+ni
tažmežarrin	tažmi.šarri=n
kanāgiža	kan+āg-iž-a
šōima	šōe=ma
šidōri	šid+ō+ri
amulēž	am-o-l-ēž
ḫīla	ḫili-a
naīanie	nai-īa-nē
nīnādum	nīn-ād-o-m
ēbrinna	ever+ni-na
tōpšida	tōpši-da
ēlgilla	ēlgi=lla
fondurunnenna	fondur+o+ni-ne=nna
tarria	tarr-i-a
egini	egi-ne
tiba	tive-a
šeġla	šeġ+l-a
pāenib	pāeni-b
teġeštab	teġ-ešt-a-b
teunāe	te+o+n+āe
šēnna	šēn+ni-a
ādaž	atta-ž
uurġāb	ūrġ-ā=v
ibima	ibi=ma
kilānab	kil+ān-a-b
natkāmmannāža	natk+āmm+a+ni-na-āž-a
tamgina	tamgina
ārari	ārari
tānni	tāni-ne
ḫāžu	ḫāž-o
nābima	nave=ma
pendōvalla	pend-ūw-a=lla
tagulāež	tag-o-l-āe-ž
tubinažuž	tōbi-na-až-ož
ḫōmarrinin	ḫōmari-ne-ne=n
pāliw	pal-i-o
nēli	nēli
kumži	kumeḫši
egužri	egužri
uraēna	uraē-na
enummē	enummē
aveda	ave-da
kirarinni	kir+ar+i+nni
āštašḫini	āšt+a+šḫe-ne
ḫullurēva	ḫull+o+re-va
tabaštili	tav-ašt-i-le
aw-fa	a-uw-a
ḫubuštab	ḫub-ušt-aw
šuēž	šōe-ž
kelde	kel+di
munuġuželāi	mun-uġ-ož-i-l-āi
šālabnira	šālab+ni-i-ra
ābēni	ābē-ne-e
šurrād	šurr-ā=d
aiw-pi	aiu-ve
šinurġina	šinurġi-na
kuldubin	kuldubi-n
fāġri	fāġr-i
ḫāžāri	ḫāž-ār-i
umbōž	umb-ō-ež
agivātta	ag-i-evā=tta
ištanīma	ištani-ī=ma
kula	kol-a
pāžēni	pāžē-ne-e
paġandarri	paġ+and+ar+i-ne
īllulia	īll-ol-i-a
ūmmumaššiniva	ūmm+um+a+šše-ne-va
ḫōraidan	ḫōra-i-da=n
kulamū	kul-am-ow
eguššulāi	eg+ušš-ol-i-āi
attanōva	att-an-ō-eva
šeġurniba	šeġor+ni-va
tēġida	tēġi-da
appubin	tuppubi-n
ašḫužikkunnima	āšḫ+ož+i+kk+o+nni=ma
šēġalulaešša	šeġal-o-l-ae-š=nna
kībašši	kib-a-šše
kirġivi	kirġe-ve
pindaianni	pindaia+nni
purammippuwan	pura+mmi-iffu-wa=an
naḫḫōžu	naḫḫ-ōž-u
kuldum	kul-d-o=m
šīedi	šī-ed-i
uwamuwā	uwi-a=m
nūwannīel	nūv+a+ni-nē-ž=l
ežene	eže-ne-e
kulamū	kul-am-ū
kašti	kašti
ulānōm	ul+ān-ō-m
kīškūppēnida	kīšk+ūpp+ē-ne-da
tīvollan	tīv-oll-a=n
talmanalla	talm+a+ni-a=lla
mada	mādi-a=[
sūleška	sūl+eški-a
ide	ide
kēba	ke-i-eva
kenna	keni-na
iškinna	iški=nna
abarri	ab+ar+i-ne-e
tarbu	tarbu
idna	id+ni-a
alamuž	alami-ož
attaippināža	atta+i-p-pe-na-āž-a
irbīnāža	ervi-na-āž-a
šelužēda	šel-ož-ēd-a
putki	fut+ki
putkīda	fut+ki-da
šuġražna	šuġraž+ni-a
adēma	ad-ē=ma
itkummi	itk-umme
agappa	ag-a-b=ma
ažugallēni	ažugali-nē-ne
univia	univi-i-a
ḫōrida	ḫōri-da
maruda	mar-ud-a
eguššuž	eg+ušš-o-ež
užunnibina	už+o+ni-ne-ve-na
sulōdōēn	sul+ud-ō-ēn
ḫōrruštāw	ḫōrr-ošt-āw
ižuštel	iž-o-eš=til
manzōž	man-z-ōž
ḫōpten	ḫōp-t-i-en
talmōġa	talm+oḫḫe-a
sōšši	sōšši
sōveni	sōve-ne-e
šēni	šeni
uwamuwā	uw-i
šīm	šī=m
itkalzai	itkal+zi-ai
ḫalikkuli	ḫalikkuli
tiḫḫida	tiḫḫ-ed-a
ērdukku	ērd-o-kko
tivušḫini	tiv+o+šḫi-ne-e
kižarženež	kiž+ar+že-ne-ž
īa	īa
uwōm	ub-ō-m
serrēnež	serrē-ne-ž
pāirra	pāiri-na
kalōvadi	kal-ō-vade
ōšše	ōšš-e
kibridadel	kibridi-a=dil
tabirīma	tab+i+re-ī=ma
fiwta	fē-uda
tapteni	tapti-ne
ažōġiž	ažōġi-i-ž
itkulimašši	itk+ul+i+m+a+šše
attaibinešša	atta+i-i-ve-ne-š=nna
šāvōe	šāv+ō+ʾe
ḫubna	ḫubni-a
tugalla	tug-a=lla
tōġalziniba	tōġal+zi-ne-va
šia	šīe-a
ḫerida	ḫeri-da
ara	amuri-na
elinibād	ele-ne-vā=d
šūnīda	šō+ni-ī-da
pāġiba	pāġi-va
fōril	fōri-i=l
telumma	tel-umme-a
allanzōn	allanzō=n
tagiže	tage+že
āšte	āšte
urgina	urgi-na
azusḫa	azusḫi-a
ḫavāḫḫōbada	ḫav+āḫḫ+ō+bade-a
forima	fōri=ma
šōni	šōn-i
šōvaib	šouwa-ai=v
šidarnai	šid+ar+ni-ai
pīellēnī	pille-nē-va
šīw-ummini	šī-ūmme-ne-e
ižuġnai	ižuġ+ni-ai
šūpta	šūpti-a
kibe	kippe
ižīma	iž-ī=ma
šōražal	šōġuri-na-až-a=l
ubukku	ub-o-kko
šukka	šokko-a
ḫōlāmmi	ḫōlā+mmi
šubrianaž	šubri+ana-ž
ḫullurēva	ḫull-ur-i-ēva
taržuwannažuž	taržuwa+ni-na-až-ož
keššippan	kešše=ffa=an
enudōbin	en+ud+ōbi=n
kirētte	kirētte
taškarġi	taškar+ġe
fārie	fāri-ie
šibā	šibi-ā
tābīw	tab-ī-o
taššāmmiž	taššāmi-ž
ēbrivē	evri-i-vē
palaġa	pal-aʾ-a
immarda	immarde-a
palaġa	palaʾe-a
šurrū	šurr-ū
ḫōmni	ḫōmni
anzīma	anzi=ma
nabarvināžuž	nabarbi-ve-na-āž-ož
tibāġa	tibāġi-a
tūnāin	tūn-i-āi-n
ḫīla	ḫil-a
tabrāna	tabrani-a
karapteda	karapte-da
faġruži	faġr+o+že
nāw-unnebina	nau+ni-ne-ve-na
arnāi	arni-āi
ōššužanna	ōššuž+a+nni-a
šuġunnež	šōġoni-ne-ž
kirarinni	kir+ari+ni-ne-e
uštanēdi	ošt-an-ēd-i
pittugalliaž	pittugalli-i-až
tāġiniba	tāġe-ne-va
tālāl	tāle-ā=l
sūrangi	sūr+ang+i
tēna	tēni-a
kāla	kāl-a
šendena	šindi-na
inġara	inġ+ar+i-a
tānaštīb	tān-ašt-ī-b
alurina	al+o+re-na
igennima	egi-ne-e=ma
ḫaštalli	ḫašt+al+i-ne-e
tīva	tīe-i-va
aġrinninibinida	aġr+i+nni-ne-ve-ne-da
tāndu	tān-id-o
avallivena	av+al+i-ne-ve-ne-a
uminnažama	omini-na-až-a=ma
sablungi	sabl+ung+i
uġōžamāšši	oġ+ōž+a+mā+šše
tūrīe	tūrī+e
šara	šāri-a
mannamištun	mannamištu=n
ḫōlelzida	ḫōlel+zi-i-da
aružellāim	ar-ož-ill-i-āi=m
foruššuenim	foruššueni-ne=m
sibi	sib-i
nirubādi	nir+o+bāde
ḫuldib	ḫuld-i-b
ažulain	až-o-l-ai-n
sugazūganišša	suga+zūg-an-i-šše-a
āmmīnīn	āmmī-nē-n
ukku	ukk-o
areššal	ar+e+šše-a=l
ḫāžarinna	ḫaž-ar-i=nna
šinutḫina	šinut-ḫe-na
mādena	mādi-na
indannim	ind-i-anni=m
tōrala	pattōri-a=lla
ōrdab	ōr+d-a=m
agūlla	agūlli-a
ugulgari	ug+ol+gar-i
kirġemā	kirġe=mā
arri	ari-ne-e
šeġalōlež	šeġal-ō-l-ež
pāžannel	pāž+a+nni-i=l
ḫōenēmma	ḫōe-nē=mma
ḫaštalli	ḫašt-al-i-le
mana	man-a
šeġurni	šeġor+ni
attaibinešša	atta+i-ve-ne-š=nna
kažalla	kaži-a=lla
alēōb	alē-ō-m
alulda	al-ol-d-a
ažāuž	aġarž-āw-ž
ažaštib	až-ašt-i-b
ammen	amm-i-en
šīġa	šīġi-a
šāišḫi	šā+i+šḫe
kaiġida	ka+i+ġe-i-da
agarġu	ag+ar+ġ-o
šindiž	šindi-ž
tariġini	tar+i+ġe-ne
šiwummini	ši-umme-ne
sabarri	sabari-ne
ḫāvoužina	ḫāv+ō+že-na
šēalidin	šē-al-id-en
pārila	pārili-a
ardēn	arde=n
kuttae	kutti-ae
ḫāni	ḫāni
ḫēri	ḫeri
nabarbinibi	nabarbi-ne-ve
apsižnāġi	apsižnā-ġe
tarāi	tāri-āi
nerīda	nera-ī-da
abalġāi	abal+ġe-āi
ōlma	ōlm-a
arda	arde-a
rāe	ḫurri-āe
kulōrum	kul-ōr-o-m
kadilēž	kad-i-l-ēž
idni	id+ni
šarri	šarr-i
šeġalamma	šeġali-a=mma
purudum	for-ud-o-m
maġāra	maġ-ār-a
teveffa	tive-iffe-a
kīli	kil-i
ḫibulēž	ḫib-o-l-ēž
nāw-unnina	nāū+nni-na
ugulgul	ugulg-u=l
ulliva	oli-ne-va
kešḫīda	kešḫi-ī-da
udipšarin	odip.šarri-n
karēnažuž	kare-na-āž-ož
tedevaduḫḫa	tid+i+vad+o+ḫḫe-a
pālī	pāli
kivori	kev-o-re
šiai	šīe-ai
pōridāi	pōr+idi-āi
sukki	sukk-i
alāži	alāže
našpa	našpi-a
šagarēlla	šag+ar+i-ī=lla
amānumal	am-ān-o-m-a=l
pāinniž	pā+i+nni-i-ž
apšeneve	apše-ne-ve
fāġadi	fāġadi
ažuri	až+ō+re
pindaianni	pindaia+ni-ne
aliab	alē-a-b
aīmma	ai=mma
nakkidāōž	nakk-ed-āw-ž
nigalōba	nigalo-va
ānžalāl	ānž+ali-ā=l
taržuwannež	taržuwa+ni-ne-ž
kapšuġāl	kapš+o+ġe-ā=l
faššara	fašš-ar-a
šabinuwaġinaž	šabinuwa-ġe-ne-ž
tedera	tederi-a
ḫōdanna	ḫōd+a+nni-na
kažlužellandin	kažl-ož-ill-and-i=n
pendu	pen-d-u
ažiwlai	aži-o-l-ai
avarrie	avari-nē
kužuškuženie	kuž+u+šk+o+že-nē
kešḫidan	kešḫi-i-dan
šelōlidu	šel-ōl-id-o
kiaženidan	kiaže-ne-da=n
nakkēn	nakk-i-ēn
šummera	šumme-ra
suġri	suġri
šeġrulida	šeġr+oli-i-da
pōenibi	poe-ne-ve
kiglibadallin	kiglibadalli=n
šidarillōm	šid-ar-ill-ō-m
aramdōm	ar-am-d-ō-m
šurba	šurb-a
šattub	šātt-o-m
kišḫini	kešḫi-ne
tunōm	tūn-ō-m
ariliffa	arili-f-fa
fōrīman	fōri-ī=man
kēda	kēdi-a
maruži	maroži
ōlma	ōl+mi-a
ḫāibād	ḫa-i-evā=d
aštuḫḫinažuž	ašt+o+ḫḫe-na-až-ož
pindōli	pend-ōl-i
futkina	fut+ki-na
allanuḫḫinia	alla+n+o+ḫḫe-ne-va
kumarbi	kumarve
eženi	eže-ne-ve-a
eguššinaža	eg+o+šše-na-až-a
tuppini	tuppi-ne-e
ari	āri
šeniffi	šena-iffe
šarārma	šarārmi-a
taržuwannaža	taržuwa+ni-na-až-a
šeġrulida	šeġr-ol-ed-a
pōruštugariža	for-ošt-ugar-iž-a
sēži	sēži
ḫōmaruḫḫina	ḫōm+ar+o+ḫḫe-na
pōenažuž	poe-na-až-ož
mādaštab	mād-ašt-a-b
nārišše	nāri+šše
šildanurum	šild-an-ur-o-m
ḫannibāe	ḫāni-ne-ve-āe
pagīnīnel	pagī-nī-ne=l
alummini	al-umme-ne
naiġēna	na+i+ġē-ne-a
tapšāġina	tapš+āġ+i-na
šeġurunnivini	šeġor+ni-ne-ve-ne-e
ḫāžarinna	ḫāž-ar-i=nna
mardamanni	mardam+a+ni-ne-e
ḫaburni	ḫavor+ni
ḫumbarži	ḫomb+ar+ži
ašḫu	ašḫo
ūžamma	uw-ož-a=mma
ḫalze	ḫalze
šukkuttattam	šukk+utti-a=tta=m
pandarinna	fand+ar+i+nni-a
nakkiōššunā	nakk-i-ōššo=nnā
āllaniva	āllāni-va
inibāi	ini-ve-āi
madla	madli-a
eġlibinida	eġli-ve-ne-da
piari	piari
ittūbin	ittūbi=n
tažulūwa	taž-ol-ūw-a
abinie	abi-ne-ē
iškinna	išk-i=nna
kuldim	kul-d-i=m
šažanōva	šaž-an-ō-eva
eguššinažuž	eg+o+šše-na-až-ož
ueruḫḫāl	uwer+o+ḫḫe-ā=l
tāni	tāni
tattin	tatt-i=n
agum	ag-u=m
udužudamma	ud-ož-o=d=amma
šēža	šēžē-a
marninel	marne-ne=l
azusḫi	azusḫi
ebri	evri
sabalgāi	sabal+gi-āi
tādiašši	tād+i+a+šše
šōražal	šōġ+ar+i-na-až-a=l
šēġali	šēġali
ārdīdani	arde-ī-dan〈〈i〉〉
šaržarappan	šar+žar-a=ffa=an
admine	ad+mi-ne-e
fažūlima	faž-ūl-i=ma
arulim	ar-ol-i=m
taġōbi	taġōbi
mānura	manu-ra
tullibina	tulli-ve-na
šidāra	šid-ār-a
tābužudam	tab-ož-ud-a=m
tadida	tadi-da
paini	pāini
tali	tāl-i
pa	ḫarb-a
sangandi	sangandi
ušḫunāe	ušḫu+ni-āe
apšena	apše-na
nāldiri	nāldiri
alubadinaža	al+o+bade-na-až-a
šidarni	šid+ar+ni
pāžida	fāži-da
kāža	kāži-a
azallin	azalli=n
kibuppu	kev-uffu
kulumbi	kulumbi
šerrē	šēri-ne-ē
elōrula	elōruli-a
šiāma	šī-i-ā=ma
tāġa	tāġ-a
adīrġa	adīr+ġe-a
abriāži	abri-i-āž-e
šadna	šadn-a
ḫužušta	ḫōž-oš-t-a
ḫāžarrima	ḫāž+arr+i=ma
šīōmmini	šī-ōmme-ne
udipšarran	udip.šarra-a=an
nāinažuž	nai-na-až-ož
pugulba	pugl-b-a
pendu	pend-u
ārnil	ārni-i=l
kulmurri	kulm+o+re-ne-e
pannira	panniri-a
pāġana	pāġani-a
talāvaže	talāv+a+že
tažmižarriž	tažmi.šarri-ž
šōima	šōi=ma
šervinaža	šervi-na-až-a
āšḫužikkunninibinida	āšḫ+ož+i+kk+o+nni-ne-ve-ne-da
šindiž	šind-i-ež
umina	omini-a
ēbla	ēbla
šuēž	šu-i-ēž
areššal	ar-i-ež-a=l
ḫattuġe	ḫatt+o+ġe
ulli	oli-ne
arūžu	ar-ōž-o
ḫōštivuwām	ḫōšti-iffu-wā=m
mādie	mādi-ie
tebāe	tive-āe
šōraššella	šōr+a+šše=lla
kūliamma	kūl-i-a-mma
kīzirženi	kīzir+že-ne
agiden	ag-id-en
šēndeššini	šēnde+šše-ne-e
parzīga	parzīgi-a
teššena	tešše-na
šōġurri	šōġori-ne
nakkašḫa	nakk+a+šḫe-a
umbašši	umb-a-šše
mardamanni	mardam+a+ni-ne
ētkudulidašši	itk-ud-ol-ed-a-šše
ažōġiž	až-ōġ-i-ež
tabrāni	tabrani
anikki	an-i-kki
kādala	kād+ali-a
tūmniažūž	tomni-i-až-ōž
ažiwlai	ažiuli-ai
ḫēġōži	ḫēġ+ō+že
tālāl	tāl-ā=l
išḫaran	išḫara=an
ḫāžēra	ḫāžeri-a
taženi	taže-ne
amumām	am+o+mi-ā=m
ōštannōġa	ōšt+a+nn+ō+ġe-a
ḫāžarae	ḫāž+ar+i-ae
ḫelda	ḫilde-a
tēġulla	teġ-ull-a
ḫōdannaražāi	ḫōd+a+nn+ar+a+že-āi
šēria	šēr-i-a
ḫāruwi	ḫāruwi
sāzallaž	sāzalla-ž
ežebābušša	ežeb.ābu-š=nna
eguššulēž	eg+ušš-o-l-ēž
sikkūlli	sikk-ūlli
piġida	piġi-i-da
milulādu	mil-ol-ād-o
amīri	amīri
irdib	irde-b
ḫuburridal	ḫuburi-ne-da=l
urukku	ur-o-kko
ḫeldeni	ḫelde-ne
tēġida	tēġi-i-da
teffe	teffe
nudanzaġīvan	nudan+z+a+ġe-ī-va=n
painibanel	paini-b-a-ne=l
paibiblan	paib.ebla=n
kišḫida	kešḫi-da
šeššalli	šeššali-ne
indannim	ind+a+ni-ne-e=m
kiġenež	kiʾe-ne-ž
fōdu	fud-o
ulluġužellāin	oll+uġ-ož-ill-i-āi=n
tāna	tāni-a
karši	karži
subitta	subitti-a
niġarra	niġari-na
alvovade	alv+o+vade
ḫōžuni	ḫōž-un-i
ōlluḫḫa	ōll+o+ḫḫe-a
tīžanna	tiža-nna
nēra	neri-a
ēlgāe	ēlgi-āe
tiššuḫḫi	tišš+o+ḫḫe
avarrašta	avari-na-aš-ta
kibašši	kib+a+šše
abi	avi
nelġa	nelġ-a
itkidu	itk-id-o
ḫubli	ḫubl-i
ēārež	ēari-ž
tīdiw	tīd-i-o
eda	ide-a
mānura	mān+o+re-a
ḫuwavanivab	ḫuwava-ne-va=v
ḫāžažimmi	ḫāž+až+i+mmi
aruluššina	ar-ol-o-šše-na
tāgōri	tāg+ō+re
nuw-induž	nū-ind-o-ež
tali	tale
ḫavōrunnini	ḫavor+ni-ne-ne
irdeda	irde-da
šaballi	šavli-ne-e
ḫažarri	ḫāž+ar+i-ne-e
šendamennīn	šendamenni=n
idibi	ide-ve
šummīda	šummi-ī-da
šikkinažan	šikki-na-až-a=n
unadel	un-a=dil
ḫiri	ḫiri
ḫarġaraima	ḫarġarai=ma
šīrna	šīrn-a
šūḫḫuluštib	šūḫḫ-ul-ušt-i=m
pižirri	pižiri-ne-e
ḫimzidu	ḫimz-id-o
egunna	eg+o+ni-na
pērġēna	pēri-ġē-na
arbarra	arb+ar+i-ra
uru	or-u
āšḫitḫini	āšḫ+i+tḫe-ne-e
šiali	šiali
fārie	fārē
nērida	nēri-i-da
itkalzinibina	itkal+zi-ne-ve-na
āšḫitḫini	āšḫ+i+tḫe-ne
evarži	ev+ar+že
paria	par-i-a
fōdu	fud-u
murrāe	mor-i-l-āe
kumarbiž	kumarve-ž
šeġurninni	šeġor+n+i+nni
šāladeni	šālade-ne-e
ežuġni	ižuġ+ni
egunna	eg+o+nni-a
pōssu	pōss-o
āšša	āšši-a
nūbi	nubi
ḫižma	ḫižmi-a
idi	idi
ālva	ālv-a
tia	tīe-a
ḫaburnin	ḫavor+ni-n
azamaruliēž	az-am-ar-o-l-ēž
kumarvinīel	kumarve-nē-ž=l
tūrīe	tūri-ī-e
ōrdōž	ōr+d-ō-ež
ābri	abri
ḫutḫi	ḫutḫi
ila	il-a
ue	ue
pāžanae	fāžani-ae
ḫebattenažuž	ḫebad-ve-na-až-ož
kummōġi	kumm+ō+ġe
šukkua	šukk-u-a
šiummeni	šī-umme-ne
fandani	fand+a+ni
šaġurunuwaba	šaġurunuwa-va
ōššužanna	ōšš+o+že-a=nna
ḫalban	ḫalba=n
kikkunima	kikk+o+ni=ma
pāžia	fāži-i-a
šīġāttāma	šīġ-ā=ttā=ma
šubribima	šubri-ve=ma
suwaḫḫu	suwaḫḫu
tūnāḫḫi	tōn+ā+ḫḫe
fašši	fašši
arāgi	arāgi
tūnāḫḫi	tūn+ā+ḫḫe
itkōž	itk-ō-ež
ḫužūwa	ḫōž-ūw-a
pāttarrēda	pāttari-nē-da
ḫāžarri	ḫāž+arr+i
ideppa	ide-p-pa
selmanidab	silm+an-ed-aw
ēpḫēni	ēpḫe-ne
agūmālla	ag-ō-m-ā=lla
tānnež	tāni-ne-ž
unnu	onnu
sammalaštuž	samm+al-ašt-o-ež
kēlula	kēl-ol-a
tarve	tarve
ardebāi	arde-ve-āi
nigalluw-e	nigallu-we
foride	for-ed-i
ḫuppadedu	ḫupp+ad-ed-o
šarrinida	šarri-ne-da
elmi	elmi
kulužašši	kul-ož-a-šše
ḫimzatḫōži	ḫimz+a+tḫ-ōž-i
ižibāin	iži-ve-āi=n
pabanni	paba+ni-ne-e
ḫilde	ḫilde
amuwīn	am-ō-ēn
pugulba	pugulbi-a
taliniba	tāle-ne-va
kibridadel	kibridi=dil
ḫōruwāda	ḫōr+o+vāde-a
aldāi	aldā+i
nabarbi	nabarbi
naḫḫuža	naḫḫ+o+že-a
ḫullurēva	ḫull+o+re-ē-va
ḫābužib	ḫāb+o+že-b
šūpta	šūp-t-a
pāššitḫād	pāšš+i+tḫe-ā=d
ḫa	šin+am+ġe-a
šīnda	šind-a
igi	ig-i
nēlaban	nēli-a=v=an
uštedia	ošt-ed-i-a
tali	tal-i
šīōmmini	šī-ōmme-ne-e
sabri	sabri
maruda	marudi-a
eškarri	ešk+ar+i-ne-e
tadireškinibāe	tad+ir+e+ški-ne-ve-āe
nūduža	nūd+o+že-a
suḫḫinie	suḫḫi-nē
fōril	for-i=l
tažmižarriba	tažmi.šarri-va
šīrnamma	šīr+ni-a=mma
šadanniž	šadani-ne-ž
ēarrivenama	ēari-ne-ve-na=ma
uriba	uri-i-va
karži	karži-i
talabōžinažuž	talāv+o+že-na-až-ož
tāndib	tān-d-i-b
kažiari	kažiari
pizigarraž	pizigarra-ž
magaldinibināža	magaldi-ne-ve-na-āž-a
mēginella	mēgi-ne-ž=lla
uba	ubī-a
ōšši	ōšš-i
ōlluġaīnna	oll+uġ-i-aī=nna
natḫinen	natḫi-ne-n
ōšḫunōž	ušḫu+ni-ōž
pālukku	pal-o-kko
šabinuwaġinibina	šabinuwa-ġe-ne-ve-na
pōssu	pōss-u
sulūda	sul+ud-a
ḫārapḫaēm	ḫār+a+ġe-ve-aē=m
tāženēra	taže-nē-ra
ḫiliġini	ḫil+i+ġe-ne-e
eškāve	eškāve
ištuma	išt-o-m=ma
ūlluž	ūllu-ž
ibradnanna	ibr+ad+n+a+ni-na
aruri	ar-o-re
ubīn	ub-ī-en
tāni	tān-i
kižipsōvāe	kižipsōvāe
paġmi	paġmi
pižešḫum	piž+ešḫ-o-m
šūre	šūre-ne-e
īnippinid	ieni-p-pe-n(e)-e=d
ḫōdinaži	ḫōde-na-až-e
turuḫḫe	tūr+o+ḫḫe
mini	mini
mandukkimma	mandukki=mma
ḫēlištu	ḫēl-išt-u
avarribina	avari-ne-ve-na
ardinin	arde-ne-e=n
naunnaža	nau+ni-na-až-a
kīge	kīge
atḫalve	atḫalve
ḫōruppi	ḫōr-upp-i
kulmuppa	kulm-upp-a
šīelva	šīlvi-a
kulziž	kulzi-i-ž
ḫavōrunnišša	ḫavor+ni-ne-š=nna
tapḫaštib	tapḫi-ašt-i-b
ažamri	ažamri
šeġalulam	šeġal-ol-a=m
kažla	kažl-a
ḫūžia	ḫūži-i-a
šēlla	šelli-a
tēni	tē+ni
murġulišta	murġulišti-a
paġedab	pāġ-ed-aw
kulmuri	kulm+o+re
agirinibi	ag-i-re-ne-ve
ḫanubasḫi	ḫān+u+b+a+sḫe
ōlluġužellandin	oll+uġ-ož-ill-and-i-n
sibariba	sib+ar+i-va
arīvin	ari-ī-ve=n
anziġiaž	anz+i+ġe-i-až
ēnnigaldi	ēnnigaldi
tebušḫa	tiv+o+šḫi-a
šēġalaštama	šeġal-ašt-a=ma
karižīda	kariži-ī-da
šālada	šāla-da
ōlluġaennān	oll+uġ-i-ae=nna=ān
kōlma	kōlmi-a
iža	iža
šalġōla	šalġ-ōl-a
nīrib	nir-i-b
ḫīlēšta	ḫīlēšti-a
šimegai	šimiga+i
ištennanan	ište=nna=nan
aštuḫḫināžuž	ašt+o+ḫḫe-na-āž-ož
ḫāuži	ḫa-ož-i
āmi	am-i
ardēn	arde-n
ḫāra	ḫāri-a
mala	mali-a
šumunnibi	šumni-ne-ve
fovāi	fovi-āi
mānnuwalli	mānnuwali-ne-e
šeġalaššiġinimma	šeġal+a+šše+ġe-ne-e=mma
ḫuwavain	ḫuwava+i=n
kādūlāīn	kad-ō-l-āī=n
kūgukku	kūg-o-kko
šeġira	šeġiri-a
ažuġiniva	až+oġe-ne-ve-a
tamgarida	tamgari-da
ḫassizāe	ḫassizi-āe
ḫelda	ḫild-a
ai	ai
kažluwa	kažl-uw-a
ištanīma	ištani=ma
kēlādi	kēl-ād-i
favanašta	paba+ni-na-aš-ta
fāġie	pāġi-ie
kullāe	kol-i-l-āe
tānni	tanni
pērġēna	pērġēni-a
tādittiniala	tāditti+ni-i-a=lla
šigadibam	šig+adi-va=m
pendu	pen-d-o
kēbina	kēbi-na
ḫāl	ḫa-ā=l
šēže	šēžē
fogāda	fog+ādi-a
tōbāe	tōbi-āe
nābu	nāb-u
tamarra	tam+ar+i-na
ḫōdež	ḫōde-ž
tānuži	tān-ož-i
edežūda	ide-ž-ūda
šašfe	šašfe
avida	avi-i-da
tōpšida	tōpš-ed-a
melaḫḫum	mel+aḫḫ-o-m
ḫōpten	ḫōpt-i-en
ḫassizai	ḫassizi-ai
itkidannim	itk-id-anni=m
ērġima	ērġ-i=ma
ḫārapḫāīm	ḫār+a+ġe-ve-āī=m
uruġeda	ur-uġ-ed-a
naīanie	naīa-ne-ē
enarāžae	en+ar+a+že-ae
kēdadužei	kēd+ad+o+že-i
fāžu	faž-u
ḫōenie	ḫōe+ni-ie-ve
tāgidura	tāgidu-ra
kulamōrrinibi	kul+am+ō+rre-ne-ve
tālūlīžanna	tāl+ūl+ī+že-a=nna
ḫanumbasḫida	ḫan+u+mb+a+sḫe-da
savāldum	sav-āl-d-o-m
izuziva	izuzi-va
fudōštu	fud-ōšt-u
našpa	našp-a
felzab	felz-a-b
ḫōžuni	ḫōžuni
ēdu	ed-u
taženi	taže-ne-e
āštiba	āšte-va
urida	uri-i-da
tāda	tādi-a
tattin	tatti-n
forul	fōroli-ne-e
šinnaġinippaž	šinnaġi+ni-iffe-až
abiššā	ave-š=nnā
pāriženna	pāriže-nna
ḫārri	ḫār-i-le
purran	purra=n
ḫamarra	ḫamri-na
ḫiliġini	ḫil+i+ġe-ne
šurba	šurbi-a
kadilli	kad-il-i-le
šēduilianiž	šēd+oʾ+ilia-ne-ž
šōniaž	šō+ni-i-až
teššināža	tešše-na-āž-a
kargāni	karg+ā+ni
sūlūde	sūl+ūde
irde	irde
passa	passi-a
šāli	šāli
ḫīlēšta	ḫil-ēšt-a
udipšarran	udip.šarra-a=n
enad	eni-a=d
ḫāžōža	ḫāž-ōž-a
kapšalla	kapšalla
ari	ar-i
ōštu	ošt-o
miržāl	mirž-ā=l
talippa	tāl-i-b=ma
šialōžum	šial-ōž-o-m
egunni	eg+o+nni-ne-e
karžida	karži-i-da
adaššene	ad+a+šše-ne-e
itkian	itk-i-a=n
nubin	nubi=n
ḫuppadedu	ḫupp+ad-ed-u
ḫāvourunnīra	ḫavor+ni-ne-ra
šeġalama	šeġal-a=ma
anamma	an-a=mma
faikkimān	fa-i-kki=mān
nawnībuwe	nau+ni-ī-e
mažagum	maž-ag-o-m
eguššina	eg+o+šše-na
ḫēraġida	ḫeraġi-i-da
šēra	šeri-a
itkalzāi	itkal+zi-āi
taġavure	taġav+o+re-ne-e
mān	mā=n
šīad	šīe-a=d
ḫavārri	ḫavāri-ne-e
magaldenibi	magaldi-ne-ve
pirida	piri-da
fodiġi	fod+i+ġe
ḫāža	ḫāž-a
tīžanna	tiža=nna
ākkadene	akkade-ne-ve
appubin	umbubi-n
uminīe	omini-ī-e
anammi	anammi
kirunna	kir-o=nna
tapḫa	tapḫi-a
mānattan	mān+a=tta=an
āllaian	ālla+i-i-a=n
āpsukkuž	āpsukki-ož
alubasḫini	al+u+b+a+sḫi-ne-e
pullež	poli-ne-ž
ēbrinnaža	ēvri+ni-na-až-a
ōġni	ōġ+ni
suruški	sur+u+ški
ḫavorunnima	ḫavor+ni-ne-e=ma
anzangiēž	anz+angi-īē-ž
talmuššini	talmošše-ne
ārdīdan	arde-ī-dan
ulōštel	ol-ō-eš=til
kažinibād	kāze-ne-vā=d
nōriġini	nor+i+ġe-ne-e
iškinna	iški-nna
šatteda	šātt-ed-a
pōduštabāl	fud-ošt-a-b-ā=l
mužunniba	mužoni-ne-va
parissade	pariss+ade
abāri	abāri
nēlaban	nēli-a-v=an
ālzib	ālz-i-b
težuġarġi	tež+uġ+ar+ġe
kiġenež	kiġe-ne-ž
uēkki	uwēkki
šallaena	šallae-na
pabannaže	paba+ni-na-až-e
pa	murb-a
sītkūli	sitk-ōl-i
mānattan	mānn-e=tta=an
ištennanan	išteni-na=nan
forāna	for+āna
uurġāb	ūrġ-ā-b
šiwullēm	šīūli-ne-ē=m
maġōrri	maġōri-ne-e
arna	arni-a
purrēnni	pur+i+rē+nni
igēnemā	egi-ne-e=mā
ḫavōrnuž	ḫavor+ni-ož
mužūni	muž+u+ni
faštu	fašt-u
ašḫužikkuninibi	āšḫ+ož+i+kk+o+nni-ne-ve
tādittiniala	tāditti+ni-i-až=lla
ḫellib	ḫill-i-b
katki	kat+ki
talamdib	talam+d-i=v
tebinažuž	tive-na-až-ož
keššenišša	kešše-ne-š=nna
kulūrum	kul-ūr-o-m
šattaġamōra	šattaġamōri-a
urāe	ure-āe
ila	ili-a
šōrin	šōri-n
taržuwannāži	taržuwa+ni-na-āž-e
sōveni	sōve-ne
simminie	simmi-nē
aranziġōba	aranziġō-va
kīdāba	kīdāvi-a
šēġala	šēġali-a
tīb	te-ī-b
faġrāma	faġri-ā=ma
šukkunna	šukk+o+ni-na
namla	namli-a
ibāi	ibi-ai
ažammu	až-amm-o
šeġellibina	šeġeli-ne-ve-na
aīn	ai=n
aġuina	aġui-na
amarillōm	am-ar-ill-ō-m
aga	ag-a
šīrna	šīr+ni-a
pa	ḫurbi-a
paruž	pari-ož
ārdenibina	arde-ne-ve-na
pagīnīnel	pag+ī+nnī-ne=l
attāne	atta+ni
pabannažuž	paba+ni-na-až-ož
tēġuššeni	tēġ+o+šše-ne
tabilianiž	tab+ilia-ne-ž
šarri	šarri
taržuwanažāe	taržuwa+ni-na-až-e-āe
pendūġa	pend-uġ-a
aġarrež	aġari-ne-ž
ḫāġippinama	ḫāġi-p-pe-na=ma
ḫillamen	ḫill-am-i=n
emašše	eman+že
šummundidum	šummun-d-id-o=m
tamrīl	tamri-ī=l
ḫinnim	ḫenni=m
ammēda	amm-ēd-a
kādala	kad-al-a
kumarvenež	kumarve-ne-ž
agulla	ag-u=lla
eguššužilandin	eg+ušš-ož-ill-and-i=n
erāna	er+āna
talmōla	talm-ōl-a
simidaduž	sim+id+ade-ož
ellaža	eli-na-až-a
ḫōmnummi	ḫōmn-umme
ḫamarražena	ḫam+ar+i-na-až-e-na
ninuwava	ninuwa-va
šūḫḫuluštib	šūḫḫ-ul-ušt-i-b
attaebini	atta+i-ve-ne-e
uētta	uw+ētt-a
alōri	al+o+re
širnib	šīr+ni-b
edida	ide-i-da
šōlidu	šōl-id-o
šabalanida	šab+al+a+ni-da
igingališḫenāma	igingališ-ḫe-nā=ma
ubi	ubi
nurāšše	nur+ā+šše
ebāni	ebāni
taržuwāni	taržuwā+ni
talippa	tale-b=ma
uētta	uwētti-a
nuladenež	nul+ade-ne-ž
fāġōža	faġ-ōž-a
ōrdōbōr	ōr+d-ō-bōr
uriu	ur-i-o
nānindušša	nān-ind-o-eš=nna
udipšarran	udip.šarra=an
šūgēma	šūgē=ma
šela	šeli-a
kēba	kēb-a
anni	anni
nakkiwfošša	nakk-i-uffo-š=nna
nuġunab	nuġ+o+ni-a=m
šeġurniba	šeġor+ni-i-va
kužuškuženie	kuž+u+šk+o+že-ne-ve
tōrala	pittōrali-a
šōniba	šō+ni-va
anammimma	anammi=mma
ḫaštalli	ḫaštalli
nērida	nēri-da
ḫuenivan	ḫue+ni-i-va=n
kangalvalla	kangalvi-a=lla
tālia	tāle-i-a
itkannim	itk-i-anni=m
mana	mān+a
šugārdedāwul	šug+ārd-ed-āw=l
nērida	nēr-ed-a
šeġalulāež	šeġal-o-l-āe-ž
ubuwen	ub-o-va-en
ḫōlelzida	ḫōlel+zi-da
tōniliffa	tōn+ili-f-fa
agarġu	ag+ar+ġ-u
nābima	nave-i=ma
palaġa	pal-aġ-a
āššaniba	āššani-i-va
ārdimān	arde=mān
pa	ḫurb-a
tāduġebān	tādo.ḫebā=n
pāġib	pāġi-b
ilāvān	ilāvā-a=ān
tōġalziniž	tōġal+zi-ne-ž
ērni	ērni
niviriffi	niviri-iffe
ḫāulimāīn	ḫa-ol-i+m+āī-n
nelġa	nelġi-a
ḫāib	ḫa-i=m
tāžēni	tāžē-ne
šindiž	šindi-i-ž
fudōža	fud-ōž-a
kurannia	kur+a+nni-i-a
kibibād	kev-i-eva=d
arduġiniž	ard+o+ġe-ne-ž
šia	ši-i-a
sālī	sal-ī
ākkadene	akkade-ne-va
ḫebaduž	ḫebad-ož
ḫāšši	ḫašši
kulmurina	kulm+o+re-na
ižibāi	iži-ve-āi
allumāda	allumi-ā=tta
ubinež	ove-ne-ž
āššaniba	āššani-b-a
ḫōenie	ḫōe+ni-ie-va
ḫuwe	ḫō-e
tālāḫḫīb	tal+āḫḫ-ī-b
naveni	nave-ne-ve
ūšteni	ūšte-ne
ellaža	ela-na-až-a
ašḫužikkunnibi	āšḫ+ož+i+kk+o+nni-ve
ḫaw-suġa	ḫauz-uġ-a
egunna	eg+o+nni-na
suwadatte	suv+ad+atte
ubīn	ubi-n
šōva	šōuwa
šīġa	šīġ-a
auliž	aoli-ž
pirida	pir-ed-a
laġlaḫḫini	laġlaḫḫi-ne
ardinin	arde-ne=n
māški	māški
nakkidūwa	nakk-ed-ūw-a
aġarribināža	aġri-ne-ve-na-āž-a
šuppaššab	šupp+a+šše-a=m
šarriaž	šarri-i-až
tīžab	tīž-a-b
itkurinella	itk+o+re-ne-e=lla
agidu	ag-id-o
naḫḫaššina	naḫḫ-a-šše-na
keldāi	kel+di-āi
ḫinzurulāež	ḫinz-ur-o-l-āe-ž
pudūrež	fud+ō+re-ž
ḫārēni	ḫārē-ne-e
eġepšullima	eġ+epš-ulli=ma
miġōm	miġ-ō-m
itkāl	itk-ā=l
uri	ur-i
kibibād	kev-i-b-ā=d
sumġar	sumġar
šūwa	šowa
ideba	ide-i-va
kanzukkam	kanz-o-kko=m
pābelġa	pābel+ġe-a
tābōžudam	tab-ōž-ud-a=m
tarbu	tarb-u
purammippuwan	pura+mmi-iffu-wa=n
šāla	šāla
evarip⸢fa?⸣an	evari-iffe-a=an
azallin	azali-ne-n
ḫāžarāi	ḫāž+ar+i-āi
ižuġni	ižuġni
šeštuġalzini	šeštuġ+al+zi-ne
kērāžuž	ker-āž-o-ež
šullād	šolli-ā=d
ḫellidi	ḫill-ed-i
elamirġena	elm+ir+ġe-na
ḫiraġella	ḫiraġe-i=lla
ḫennām	ḫenna=m
šabalanida	šab+al+a+ni-i-da
kumarbinī	kumarve-nē-ž
šōva	šowa-a
pairibuwi	pa+i+re-iffu-we
muw-iri	mū+i+re
kinnāri	kinn+ār+i
fel	fē-ž=l
urukkunna	ur-o-kko=nna
uššeššinida	ušš+e+šše-ne-da
iška	išk-a
milulādu	mil-ol-ād-u
puššinni	pōšši-nni
kubāġinel	kubāġi-ne-e=l
ḫōšti	ḫōš-t-i
feva	fē-va
ava	avi-a
tulburāe	tulburi-āe
teveffa	tive-f-fa
šabluž	šabl-o-ež
ēblāl	ēbla-ā=l
erižangāe	erižangi-āe
irdīž	irde-ī-ž
aluma	alu-u+m+ai
ḫōruppi	ḫūruffe
šuinež	šui-ne-ž
ambaža	amb+a+že-a
aġrāid	aġri-āi=d
ažaštedō	až-ašt-ed-ōw
pārellandin	pār-ill-and-i=n
itkundaššinama	itk-u-nd-a-šše-na=ma
šindadāi	šind+ade-āi
kadimma	kad-i=mma
šarrašši	šarr+a+šše
kēbulāešša	kev-o-l-āe-š=nna
kažluž	kažl-o-ež
ḫāra	ḫār-a
šāvalam	šāv+al-a=m
tebēna	tebē-na
ḫavōrunnibi	ḫavor+ni-ne-ve
sūwe	sūve
ištānīffāl	ištani-īffe-ā=l
ninuwaġinešša	ninuwa+ġe-ne-š=nna
sōnni	sōni-ne-e
kadānu	kad-ān-u
nāēnāža	nāie-na-āž-a
šeššalli	šeššali-ne-e
pōriba	fōri-i-va
mānuballa	manu-wa=lla
eguššužilandin	eg+ušš-ož-ill-and-i-n
ūpšīb	ūpš-ī-b
ubīn	ubī-n
tagulaēž	tag-o-l-aē-ž
kalgamižul	kalgamiž-ož=l
šinima	šini=ma
kažlužellandin	kažl-ož-ill-and-i-n
ardeni	arde-ne-e
ižuštel	iž-ušt-i=l
kāvāl	kāv-ā=lla
kešše	kešše
tūnuwadu	tūnuw-ad-o
iġōffōr	iġ-ō-vōr
šīġāi	šēġa-āi
šarraššinin	šarr+a+šše-ne-n
šubribiniba	šubri-ve-ne-va
pudūlimaššinama	fud+ol+i+m+a+šše-na=ma
ḫāžarinna	ḫāž+ar+i=nna
tīvenniva	tīvini-ne-va
pāri	pār-i
idia	ide-i-a
šeġōrnida	šeġor+ni-i-da
ḫaziana	ḫaziani-a
faġedab	faġ-ed-aw
agidōri	ag-id-ō-re
kēva	kevi-a
sulōženie	sul+ō+že-nē
mēgummi	mēg-umme
tāġa	tāġe-a
sigaldi	sigaldi
tōrala	pedōrali-a
šināi	šine-āi
kīli	kili
mānal	man-a=l
išpiadil	išpiadi-i=l
ōššōmai	ōšš-ō+m+ai
avarribi	avari-ne-ve
azallin	azali-ne=n
fāġie	pāġi-i-e
alilanum	al+il+an-o-m
ēlgi	ēlgi-i
tivušḫini	tiv+o+šḫi-na
egudutki	eg+ud+ut+ki
itkulāuž	itk-ol-āw-ž
āže	āže
šeġellinidel	šeġli-ne=dil
azaldēda	az-al-d-ēd-a
ābi	ābi
faštu	fašt-o
anzu	anz-o
nakkidaššō	nakk-ed-aššō
idarrāi	id-ar-i-l-āi
šēġalana	šēġala-na
nēla	nēli-a
kišḫida	kešḫi-i-da
eginniniž	ege+nni-ne-ž
igingališša	igingališ-va
tammarġi	tamm+ar+ġe
nippilōva	nippilova-a
šōvae	šowa-ae
pāġidi	pāġ-id-e
ikkammašši	ikk+amm+a+šše
ubīn	ubī=n
itkalzinibinažuž	itkal+zi-ne-ve-na-až-ož
aziri	assīri
šīenāže	šīe-na-āž-e
titta	tit-t-a
ananariškinibāe	an+an+ar+i+ški-ne-ve-āe
tarinnima	tar+i+nni=ma
kangalbālla	kangalvi-ā=lla
šīenažuž	šīe-na-až-ož
padni	padni
šōražal	šōġori-na-až-a=l
mānga	mān+g+a
nēlaban	nēla-b-a=an
ḫaššiadi	ḫaššiadi
naunnibi	nau+ni-ne-ve
fitfa	fitfi-a
tagi	tagi
nōvarēm	nōv+ar+ē=m
aninie	ane-ne
marašte	marašte
tarāi	tāri-ai
urunnida	or+o+nni-da
kirašši	kir+a+šše
tōri	tūri
šummini	šummi-ne
aġarrēbuž	aġri-nē-ve-ož
šelluššāi	šell+o+šše-āi
mān	mā=ān
fāzanigarvaž	fāzanigar-ve-až
ḫanibāe	ḫāni-ve-āe
šelluššae	šell+o+šše-ae
ubīn	ubī-ī-n
fašši	fašš-i
fōrīman	for-ī=m=an
itkinduž	itk-ind-o-ež
tanānna	tanāni-na
taġavure	taġav+o+re
foruššuenim	foruššue+nni=m
šešteni	šešti-ne-e
piġīe	piġ-ī-e
ōžnai	ōžni-ai
sigrōšḫinenna	sigr+ō+šḫe-ne=nna
ḫenzā	ḫenzi-ā
ašḫōnan	ašḫo-n=an
uštaššin	ošt+a+šše=n
ivā	iv-ā
agum	ag-o=m
tīa	tīe-i-a
ārdima	arde=ma
šukkuttatta	šukk+utt-a=tta
pārirunni	pār+i+r+o+ni-ne-e
āštenivan	āšte-ne-va=n
kūmurrida	kūmuri-ne-da
appubin	appubi-n
sōnni	sōni-ne
fāġri	faġri
madla	madl-a
tarmanni	tarm+a+ni-ne-e
tamginaž	tamgina-ž
awtaluman	audalumma=n
šubribinibināža	šubri-ve-ne-ve-na-āž-a
amōludōm	am-ōl-ud-ō-m
kumrie	kumri-iē
uġi	uġi
ade	ade
kenna	kenni-a
šāladeni	šālade-ne
fa	ḫurvi-a
nōriġini	nor+i+ġe-ne
pandiažal	fandi-i-až-a=l
sāzulōšteri	sāz-ol-ōšt-i-re
tivivudab	tive-v-uda=m
pāžia	faž-i-a
ābi	āb-i
naḫḫuža	naḫḫ-ož-a
mīrrīž	mīri-nē-ž
nūduža	nūd-ož-a
kibure	kiburi-ne-e
ḫerida	ḫeri-i-da
titta	titt-a
awtuwi	audūi
idnib	id+ni-b
alumāīn	alu-m+āī-n
šummanniž	šumm+a+ni-ne-ž
fāġruwāda	faġr+o+vāde-a
tūdigōž	tūdi+gi-ōž
uštae	ošt-i-ae
sāzin	sāz-i-en
neri	nēr-i
tanna	tanni-a
aiw-pa	aiu-va
šialēri	šial-ē-re
ḫāiži	ḫa-iž-i
kažalla	kaž-a=lla
murrāe	murri-āe
ubīn	ubi-ī-n
kuldum	kul-d-u=m
pabanni	paba+ni
arde	arde
ištanin	ištani-n
šeġalulēž	šeġal-o-l-ēž
nilōž	nili-ōž
uššiġina	ušš+i+ġe-na
kapša	kapši-a
šummida	šummi-da
ḫarraža	ḫāri-na-až-a
kadiw	kad-i-o
tuiba	tui-i-va
mādillilla	mādili-ne=lla
aġāštedu	aʾ-āšt-ed-o
šeġellibina	šeġli-ve-na
teġri	teġri
itkōlāi	itk-ō-l-āi
nāniž	nān-i-ež
uruġēda	ur-uġ-ēd-a
uwā	uwi-ā
šeġalaššiġinimma	šeġal+a+šše+ġe-ne=mma
nirida	niri-i-da
šōeni	šōe-ne
šūranni	šūrani-ne
āmmibālla	amm-i-b-ā=lla
šīnimma	šini=mma
ānzamma	anz-a=mma
ardūri	ardūri
kābarra	kābari-na
ārdibinešša	arde-i-ve-ne-š=nna
inumē	inu=mē
uminnāži	omini-na-āž-e
šeġala	šeġal-a
šešfe	šešfe
užōna	už+o+ni-a
ḫivollāda	ḫiv+oll+āde-a
nawnībuwe	nau+ni-īffu-we
ubīn	ubī-ī=n
aġarrēba	aġri-nē-va
kiražima	kir+a+šše=ma
subitta	sub-et-t-a
piduššida	pid+o+šše-i-da
umbašši	tupp-a-šše
ḫalban	ḫalba-a=n
tēa	tīe-iē-a
ēmmanzeneva	eman+že-ne-va
šōi	šōi
ižikkunna	iž+ikk+o+nni-a
ševerrāže	ševeri-na-āž-e
uzi	uzi
katkinažuž	kat+ki-na-až-ož
māttal	mād-t-a=l
tēġida	teġidi-a
tīdivāde	tīd-i-vāde
kōppannal	kōpp+a+nni-a=l
adēma	ade=ma
šuw-indašši	šu-i-nd-a-šše
marešḫi	mar+i+šḫe
ḫōmmāruḫḫināža	ḫōm+ar+o+ḫḫe-na-āž-a
tālia	tale-i-a
ḫārrēma	ḫāri-ne-ē=ma
nešši	nešši
šarra	šarri-a
šēnna	šeni-na
mēginiva	mēgi-ne-va
niġarži	niġar+že
šeġelza	šeġel+zi-a
itkužellandin	itk-ož-ill-and-i-n
puġuiridama	puġuiri-i-da=ma
šāri	šāri
kutte	kud-id-e
ubindain	ub-ind-i-ai=n
kažlulam	kažl-ol-a=m
ašḫōnan	ašḫo=n=an
ḫamaziažidan	ḫamaz+i+a+šše-dan
tibāġōm	tiv-āġ-ō-m
nēra	nera
tabenduž	tab-ind-o-ež
fižaišfinel	fižaišfi-ne=l
igina	igi-na
ižarriva	iž+ar+i-ne-va
šattedaw	šātt-ed-aw
teššeni	tešše-ne-e
šāwralla	šauri-a=lla
ḫennēma	ḫenni=ma
kināe	kin-i-āe
ḫassin	ḫassī=n
ḫānie	ḫāni-ie
kunzimai	kunz-i+m+ai
tīva	tiv-a
tunuštu	ton-ošt-u
pēġulaballa	pēġulabi-a=lla
sarmadenin	sarmade-ne-n
tāžae	taže-ae
abrīda	abri-ī-da
šāžarri	šažari-ne
šeġaluž	šeġal-o-ež
ḫannibāe	ḫanni-ve-āe
sāžulōža	sāz-ol-ōž-a
navanida	navani-da
kuzuġi	kuz+o+ġe
nerīda	neri-i-da
simminie	simmi-ne-ē
malāe	mali-āe
šummin	šummi+n
ḫōdedemaen	ḫōd-i+m+ae-n
malvāži	malvāži
šīġāi	šīġ-i-ai
pāži	fāži-i
šattidel	šatti=dil
uriba	uri-va
māduwa	mād-uw-a
agunna	ag-o=nna
amudum	am-ud-o-m
suguġēda	sug-uġ-ēd-a
adāllēlla	adāl-ne-ē=lla
kummini	kumme-ne-e
uššulēž	ušš-o-l-ēž
ažiġi	až+i+ġe
ḫāni	ḫān-i
kulmu	kulm-o
udužudamma	ud-ož-ud-a=mma
kiligileštum	keli+gel-ešt-o-m
pālā	pal-ā
ḫēnna	ḫenna=[
nāli	nāli
aigalduda	aigaldu-da
inū	inu=[
tōrala	pedōri-a=lla
mādinaža	mādi-na-až-a
aštenna	āšte-nna
ḫōpten	ḫōp-id-en
pabanna	paba+ni-na
fandin	fandi+n
kažla	kažli-a
negri	negri
kūdadena	kūdade-na
tamrian	tamri-i-a=n
irialzi	irial+zi
paššinamma	pašši-na=mma
tēama	te-i-a-ma
šidarbul	šidarbu-ž=l
uwallinni	uw+all+i+nni
ḫirinnel	ḫiri+ni-ne-e=l
avālġi	av+al+ġe
kōruppi	kōr-upp-i
šāmanni	šāmani-ne-e
tibāġa	tiv-āġ-a
ḫōenēmma	ḫōe+ni-i-e=mma
urīda	uri-ī-da
agašši	ag+a+šše
šīaiašši	šīaiašše
šīenež	šīe-ne-ž
alumbasḫi	al+u+mb+a+sḫe
tarēna	tarē-na
aruwallāenama	aruwallāe-na=ma
kiverra	kevri-na
ḫabānab	ḫabān-a-b
kammiššōri	kammiššōri
kulumbi	kul+u+mb-i
ḫuwe	ḫue
sigaldi	sig+al-d-i
šeġellibāi	šeġeli-ne-ve-āi
āmmanniniva	āmm+a+nni-ne-va
ašḫužikkunniniba	āšḫ+ož+i+kk+o+nni-ne-va
teššōbaž	teššob-až
mala	mal-a
piġida	piġi-da
eženi	eže-ne-ve
kapšuġāl	kapš-uġ-ā=l
ḫōrāmi	ḫōr-ām-i
fēža	fē-ž-a
arōlullub	ar-ōl-ull-o-m
kivožuž	kev-ož-o-ež
ēblan	ēbla=n
kulamurnella	kulamur+ni-i=lla
pārili	pārili
ḫažarrež	ḫāž+ar+i-ne-ž
avaštiž	av-ašt-i-ež
šānnež	šāni-ne-ž
šīenāi	šīe-ne-āi
kirarnež	kir+ari+ni-i-ž
šalġulēž	šalġ-o-l-ēž
pārgiaž	pārgi-i-až
nōġaššeni	nōġašše-ne-e
ōššunila	ōššunili-a
pīellēnī	pille-nē-ve
šōnia	šō+ni-i-a
āllaiwta	ālla+i-uda
eženišša	eže-ne-š=nna
kamēnež	kamme-ne-ž
teġiw	teġ-i-o
alġi	alġ-i
pirugāra	pir-ugār-a
kēlōla	kēl-ōl-a
tibadedella	tibade=dilla
ūmbiža	ūmb+i+že-a
uilanum	uw-il-an-o-m
ḫa	kig+am+ġe-a
eġliġi	eġl+i+ġe
talippa	tale-iffe-a
unīdu	un-īd-o
taduġebāba	tado.ḫeba-va
īllulia	īll+uli-i-a
tattin	tatti=n
eġilli⸢fa⸣ašša	eġl-i-l-eva-š=nna
egunni	eg+o+nni-ne
irdeda	irde-i-da
šarnitḫe	šarn+i+tḫe
ēpḫenidan	ēpḫe-ne-dan
uru	or-o
ḫōžellandin	ḫōž-ill-and-i=n
miržāl	mirži-ā=l
uštāb	ošt-ā-b
falli	uwalli
ni	ḫurn-i
šukkunna	šukk+o+nni-a
pāġiaža	pāġi-i-až-a
ḫōdannida	ḫōd+a+nni-i-da
šōġurri	šōġori-ne-e
šuri	šūġ+ar+i-ne-e
tunuštu	tūn-ušt-u
puw-eni	pūe-ne
ēnna	eni-na
anzu	anz-u
ammummi	amm+u+mmi
kažidabima	kažidabi=ma
pēġi	pēġ-i
šīnāi	šī-ne-āi
allumāda	allum+āde-a
alāži	al+ā+že
ulōštel	ol-ōšt-i=l
tunuštu	tūn-ušt-o
kuraḫḫa	kur+a+ḫḫe-a
išteni	išteni
ḫāžīmai	ḫaž-ī+m+ai
šildanurum	šil-d-an-ur-o-m
šuratḫiniž	šur+a+tḫe-ne-ž
ibima	ibi-i=ma
šūre	šūre-ne
idedi	id-ed-i
ivi	ivi
ištanida	ištani-i-da
akki	ākki
puenāžuž	poe-na-āž-ož
nīrib	niri-b
šena	šena
ediaža	ide-i-až-a
āšḫōmainibinidal	āšḫ+ō+m+ai+ni-ve-ne-da=l
ariliffa	arili-iffe-a
ižāvena	iža-ve-na
naiġēna	na+i+ġē-na
tālina	tāle-na
itkaštib	itk-ašt-i-b
itkulundašši	itk-ol-u-nd-a-šše
šelluġlupšenie	šell+o+ġ+l+o+pše-nē
šuri	šuġori-ne
ōllini	oli-ne-ne
munġīe	munġi-ī-e
pažāe	pāži-āe
ḫupši	ḫupš-i
ḫōili	ḫō-i-le
kutkūda	kut+kūdi-a
ārdīma	arde-ī=ma
kāri	kāri
ažammu	až-amm-u
fāġie	pāġi
tunōštum	ton-ōšt-o-m
avin	avi-n
salaštu	sal-ašt-u
ḫuenivan	ḫue+ni-va=an
pāžanāe	fāžani-āe
telu	tel-o
pabni	pab+ni
talamdib	talam+d-i-b
pāenippa	pāeni-p-pa
šīġāvenažan	šēġa-ve-na-až-a=an
mūgižanun	mūgižanun
nažāgi	nažāgi
ōrginin	ōrgi-ne-n
erānalla	er+āni-a=lla
naḫḫili	naḫḫ-i-le
arōluda	ar-ōl-u-d-a
ōššukkam	ōšš-o-kko=m
ulme	ūl+me
kanāgiž	kan+āg-i-ež
kulimāššināža	kul+i+m+ā+šše-na-āž-a
tiveniž	tive-ne-ž
subnīa	subn-ī-a
ḫilde	ḫil-id-e
ḫōdemae	ḫōd-i+m+ae
paġra	faġri-a
nēra	nera-a
eginiž	egi-ne-ž
tadanida	tad-an-ed-a
šeġruž	šeġri-ož
ōrgini	ōrgi-ne
adašši	ad+a+šše
fenda	fendi-a
iningaldāe	ennigaldi-āe
kirarinnilam	kir+ar+i+nni-i=l=am
kirmānzeni	kir+mān+ze-ne-e
kumminim	kumme=n=i=m
ištuma	išt-u=ma
tapšōbādi	tapš+ō+bāde
ištani	ištani
nave	nav-e
tōniliffa	tōn+ili-iffe-a
šārinevi	šāri-ne-ve
ḫalandi	ḫalandi
idevinež	ide-ve-ne-ž
tārōni	tār+ō+ni
tibib	tive-b
pāndib	fandi-b
ḫatḫēda	ḫatḫ-ēd-a
tabrēnni	tab+i+rē+nni
išteniffāmma	išteni-iffe-ā=mma
ḫōmari	ḫōmari
ḫōidu	ḫō-id-o
uštab	ošt-a-b
mālōžēna	māl+ō+žē-na
taržuwannibi	taržuwa+ni-ne-ve
kērēni	kērē-ne
niri	bad.niri
pendun	pend-o=n
elaminēve	elami-nē-ve
munuž	muni-ož
uššōm	ušš-ō-m
alumain	al-u+m+ai-n
šeġri	šeġr-i
arulib	ar-ol-i-b
tara	tār-a
šērāmmi	šērāmmi
ḫōmarida	ḫōmari-da
itkōža	itk-ōž-a
šuġa	šuʾ-a
tunitḫibe	tun+i+tḫe-iffe
šeġellibinažuž	šeġli-ve-na-až-ož
šarrumman	šarrumma=n
nešḫina	nešḫi-na
šagumženež	šag+um+že-ne-ž
šema	šin+ze=ma
sassinīe	sassi+ni-ī-e
manzōra	man-z-ōra
šōvae	šo-ve-ae
maēttana	maētta+ni-a
īštennān	išt-i-en=nna=ān
šiāi	šie-āi
teššeni	tešše-ne
nūwarrīvān	nūv+ar+i-nē-vā=n
ōššunila	ōšš-un-i=lla
tabaštili	tab-ašt-i-le
šurakkanna	šurakk+a+nni-a
fōriffān	fōri-iffe-a=ān
ḫalzōġla	ḫalz+ō+ġ+li-a
pēdarriž	ped+ar+i-ne-ž
pitkira	pitkiri-a
murriniba	morri-ne-va
ebirna	ever+ni-a
akkadeni	akk+ade-ne
sabarri	sabari-ne-e
šūpta	šūpt-a
šāġlēž	šāġl-i-ēž
šeštena	šešti-na
arulli	ar-ol-i-le
neššidal	nešši-i-da=l
faġruža	faġr+o+že-a
agulla	ag-o=lla
ḫōdanni	ḫōd+a+nni
lablaḫḫini	labla+ḫḫe-ne-e
sulōženie	sul+ō+že-ne-ē
itkuž	itk-o-ež
šummi	šummi
pirrib	pirri-b
madōli	mād-ōl-i
šumminnam	šummi+n=nna=m
ḫuenivan	ḫue-ne-va=an
niruda	nir+ud+i-a
ēbriva	evri-i-va
pussa	puss-a
palaġa	palaġi-a
pidia	pīdi-i-a
mīrrīž	mīr-i-l-ēž
ue	uwi
fēḫḫēda	fēḫḫi-ie-da
išḫaran	išḫara=n
ḫibaptenida	ḫebad-ve-ne-da
turba	torove-a
āmba	āmb-a
miržāl	mirži=l
amōmāb	am+o+mi-ā=v
išten	ište=n
taššāmib	taššāmi-b
fondurunnenna	fondur+o+ni-ne-nna
allani	āllāni
ḫiaruḫḫina	ḫi+ar+o+ḫḫe-na
tamgarida	tamgari-i-da
paššarugāra	pašš-ar-ugār-a
paīnninibuž	paīnni-ne-ve-ož
uniġiž	un+i+ġe-ž
aġaštedab	aʾ-ašt-ed-aw
ubīn	ubi-ī=n
tagulēž	tag-o-l-ēž
kēažima	kiaže=ma
marninel	marne-ne-e=l
sipsiḫḫatta	sips+i+ḫḫe-a=tta
kēvirrām	kevri-nā=m
āmmīb	amm-ī-b
kērēni	kērē-ne-e
ummallidašše	umm+all+id+a+šše
arōluda	ar-ōl-ud-a
ḫōdenažāi	ḫōde-na-až-e-āi
ažanub	až-an-o-m
itkian	itk-i-a=an
nāuffa	nā-uff-a
pirrib	piri-ne=v
fōrālīnie	fōrālī-ne-ē
tūrīn	tūri-n
kula	kuli-a
teššīe	tešše-i-e
šeġella	šeġli-na
īnnannam	īnna=nna=m
arni	arni
ḫarražanilla	ḫāri-na-až-ane=lla
ūlvinēma	olvi-ne-ē=ma
arīvin	arīvi-n
sūgētteni	sūgētte-ne
arulli	ar-ull-i
ḫavorunnen	ḫavor+ni-ne-n
aia	aia
ušḫuni	ušḫu+ni
ḫerāġi	ḫeraġi
igingališḫenama	igingališ-ḫe-na=ma
tānuže	tān+o+že
alikki	al-i-kki
ḫānie	ḫāni-i-e
ḫamarražena	ḫamri-na-až-e-na
navanida	nav-an-ed-a
šinim	šini=m
ḫudidaw	ḫōd-ed-aw
fōri	fōri
nirāe	niri-āe
tāġibāe	tāġe-ve-āe
munuž	mun-o-ež
kumminīve	kumme-nī-ve
sablōžu	sabl-ōž-o
agulla	aguli-na
šeġala	šeġali-a
forivaenima	for-i-va-en-i=ma
marašte	mar-ašt-i
ḫēbādōi	ḫēbādu-we
arūlāuž	ar-ūl-āw-ž
šuri	šūġ+ar+i-ne
tōġaduppu	tōġ-ad-uffu
abalġāe	abal+ġe-āe
kapšinina	kapši-ne-nna
ašḫudan	ašḫo-da=an
mōrrina	mōrri-na
kakkari	kakkari
ḫuburriba	ḫuburi-ne-va
ištuma	ištumi-a
abibaž	abi-iffe-až
pāri	pāri
egini	egi-ne-e
uwal	uwi-a=l
amašteda	am-ašt-ed-a
šumi	šumi-i
kumži	kumaḫši
tešši	tešše
tapšuržai	tapš+ur+že-ai
ḫuldib	ḫul-d-i-b
naḫḫōtḫida	naḫḫ+ō+tḫe-da
ubina	obi-na
utḫarra	utḫari-na
tali	tal-i-le
faeli	faeli
taptani	tapt-an-i
šiāma	šīe-ā=ma
šelluġlupšenie	šell+o+ġ+l+o+pše-nē-e
enad	en-a=d
fōrullažul	fōroli-na-až-ož=l
tamra	tamri-a
ḫōenie	ḫōe-nē-ve
suġižalli	suġižalli
tattin	tatt-i-en
šōġaššini	šōġ+a+šše-ne-e
uurrugivuwi	ūrrugi-iffu-we
šumunnež	šumni-ne-ž
itkalzinibi	itkal+zi-ne-ve
kumarbinive	kumarve-ne-ve
kūžuġ	kužuġ
ḫinzurinna	ḫinzori-nna
abēdilla	ave-š=tilla
fōriffān	fōri-iffe-ā=n
āni	āni
pilāġižiliġa	pil+āġ+i+šše+li+ġe-a
ḫōžuwa	ḫōž-uw-a
kibure	kiburi-ne
turōvi	torove
amudōbadi	am-ud-ō-bade
ara	aġri-na
kulimmāššōḫḫa	kul+i+mm+ā+šš+ō+ḫḫe-a
kūmdenivenin	kūm+de-ne-ve-ne-n
kaballiž	kabli-ne-ž
tēa	tēa
kungallē	kungallē
illaiaġe	illaia-ġe
taržuwanna	taržuwa+ni-na
mēgine	mēgi-nē-ž
pūrānadi	pūrānadi
ḫažimma	ḫaž-i=mma
pandari	fand-ar-i
šellini	šelli-ne
nibra	nibri-a
ižammēni	iža+mme-ne-e
iškinna	iški+ni-na
amōža	am-ōž-a
mōrri	mōrri
falli	uwali-ne
eda	ed-a
evarip⸢fa?⸣an	evari-f-fa=n
udipšarran	udip.šarra=n
ḫōdenāžōž	ḫōde-na-āž-ōž
amūminēva	amm+u+mmi-nē-va
simminie	simmi-ne-ve
kirinida	kire-ne-da
tēna	tē+ni-a
mānuž	manu-ž
šuppaššab	šupp+a+šše-a=v
uminnāža	omini-na-āž-a
tīva	tīe-v-a
ḫārri	ḫāri-ne-e
rāe	ḫarri-āe
niga	nigi-a
kadib	kadi-b
pēbi	fē-ve
kigaduwamma	kig-ad-uw-a=mma
iškiniaž	iški+ni-i-až
pāinniž	pā+i+nni-ž
tidiāb	tīd-i-ā=m
šeġri	šeġri
ardinin	arde-ne-n
ḫažarrāe	ḫāž+arr+i-āe
una	un-a
tāžini	tāži-ne
madla	mad-l-a
igi	igi
šēna	šīe-na
erōliva	er-ō-l-eva
ḫuwe	ḫūe
arōlāuž	ar-ōl-āw-ž
šia	šī-a
inūru	in-ūr-u
elmāi	elmi-āi
kumri	kumri
egunniž	eg+o+nni-ž
fogāda	fog-ād-a
ežebābun	ežeb.ābu=n
pōnġib	pōnġi-b
ēšḫi	ēšḫ-i
ḫerinež	ḫeri-ne-ž
ežene	eže-ne
ḫavorunni	ḫavor+ni-ne-e
sāzin	sāz-i=n
ḫaniri	ḫan+i+re
paġandarri	paġ+and+ar+i-ne-e
āmmīnīn	āmmī-n-ī=n
umban	umba=an
šīġāvenažan	šēġa-ve-na-až-a=n
faġraži	faġr+a+že
tapšaḫḫa	tapš+āġ+i-a
ḫižma	ḫižm-a
ḫōpten	ḫōpte-n
eguššumaella	eg+ušš-u+m+ae=lla
tarmannibina	tarm+a+ni-ne-ve-na
pendiža	pend-iž-a
kāmmi	kamme
pāġida	pāġi-i-da
fažamma	faž-a=mma
ḫīria	ḫīri-i-a
kažlulaiž	kažl-o-l-ai-ž
kummeni	kumme-ne-va
kadib	kad-i=v
tādareški	tād+ar+e+ški
ḫeldāralla	ḫild+ār+i-a=lla
ḫōdannida	ḫōd+a+nni-da
issēdi	iss-ēd-i
āžri	āžri
ēbrinniž	ever+ni-ne-ž
itkalzinibināžuž	itkal+zi-ne-ve-na-āž-ož
puduž	fud-o-ež
idibi	ide-i-ve
ḫanirra	ḫan+i+re-na
urunnin	or+o+nni-n
nālliž	nāli-ne-ž
arūžušši	ar-ōž-o-šše
patteni	patte-ne
kešḫenāži	kešḫi-na-āž-e
purranna	purra-nna
kūninin	kūne-ne-n
nāniž	nāni-ž
uštaššin	ošt+a+šše-n
sulōženie	sul+ō+že-ne-ve
pēžanum	pēž-an-o-m
kūninin	kūne-ne-e=n
kutteni	kutte-ne
suludulub	sul+ud-ol-o-m
immaškun	immašku=n
pīarida	pīari-i-da
šešteni	šešti-ne
foruššuenim	foruššueni-ne-e=m
šagužellandin	šag-ož-ill-and-i=n
tibōšḫi	tiv+o+šḫi
alušti	alu-ušt-i
puġuiridama	puġuiri-da=ma
itkalzibāi	itkal+zi-ve-āi
paži	paži
šumi	šum-i
ḫōrāmi	ḫōrāmi
ubilbāeženel	ubilbaeži-ne-ž=l
nātḫa	natḫi-a
ḫiraġella	ḫir-aġ-i=lla
tānni	tāni-ne-e
purġa	purġi-a
šavallāži	šavli-na-āž-e
inumma	inu=mma
mānuda	man-uda
talīa	tal-ī-a
ennida	enni-da
šinzuḫḫamma	šin+z+o+ḫḫe-a=mma
paġruž	faġri-ož
išḫarā	išḫara-ž
ḫalzēni	ḫalze-ne-e
purranna	purra=nna
pāriženna	pār+i+že-i-nna
šumallam	šumali-na=m
šōeni	šōe-ne-e
ugulgul	ugulg-o=l
kulamū	kul-am-u-ow
pairima	pa+i+re-i=ma
kāssēnež	kāze-ne-ž
nivōžellandin	niv-ōž-ill-and-i-n
itkōli	itk-ōl-i
kibōliž	kev-ō-l-ež
šōnia	šōn-i-a
šeġalummālla	šeġal-o-m-a=lla
šigadibam	šig+adi-i-va=m
itkaštab	itk-ašt-a-b
sazulda	sāz-ol-d-a
šinutḫina	šinutḫi-na
šukka	šukk-a
paġēda	pāġ-ēd-a
tadanida	tad+a+ni-i-da
šūgatteni	šūgatte-ne-e
attai	atta+i-i
izuziva	izuzi-i-va
idennanež	idenna-ne-ž
aštuḫḫāe	ašt+o+ḫḫe-āe
naēnāža	naīa-na-āž-a
annel	anni=l
kurannia	kur-ann-i-a
teššīe	tešše-ie
fondurunnenna	fondur+o+ni-ne-e=nna
*abiva	avi-i-va
ōlluġužellandin	oll+uġ-ož-ill-and-i=n
kiāžēni	kiaže-ne-e
ište	ište
amattena	ammatte-na
tālia	tal-i-a
alzialli	ālžīālli
mōrri	mōri-ne-e
šarāmmēni	šarāmmē-ne-e
fitfa	fitf-a
āššaniba	āššani-va
urūkku	ur-ō-kko
āmi	āmi
āšḫun	ašḫo=n
ḫažaštili	ḫaž-ašt-i-le
mādida	mādi-i-da
ērdukku	ēr-d-o-kko
forima	for-i=ma
manzōrāma	manu-ž-ōrā=ma
šummanniž	šumm+a+nni-ž
talaḫḫidu	tal+āḫḫ-id-o
ēbrināžōnna	ever+ni-na-āž-ō-nna
aimān	ai=mān
kaškan	kaška=n
kivožuž	kev+o+že-ož
eradiniž	erade-ne-ž
pindaianni	pindaia+ni-ne-e
tabiribuwi	tab+i+re-iffu-we
išti	išt-i
itkanzalla	itkan+zi-a=lla
šinubini	šinubi-ne
univatta	un-i-eva=tta
itkanzalla	itkan+zi=lla
nāēniba	nāie-ne-va
ḫapsurib	ḫapsori-b
turba	torv-a
tugrišḫi	tugriž-ḫe
ḫōmarrinin	ḫōmarri-ne-n
niga	nig-a
alumma	al-umme-a
fazuranni	faz+ur+a+nni
ḫaulillāndu	ḫa-ol-ill-ānd-o
kuzuġi	kuz-uġ-i
kudunib	kuduni-b
alūri	al+ū+re
alummāi	al-u+m+āi
fōrālīnie	for+all+ī+nni-iē
ēkkinēn	ēkke-nē-n
kadia	kad-i-a
nirida	niri-da
šeġellinidel	šeġli-ne-e=dil
kundi	kunde
nūbīnīn	nubi-nē-n
keššenidal	kešše-ne-da=l
amōludum	am-ōl-ud-o-m
ārdi	arde-i
pāžēni	pāži-iē-ne
ēbrēda	evri-ē-da
kablāi	kabli-āi
eženi	eže-ne-va
kippēna	kippe-na
tapšurža	tapš+ur+že-a
ōlmišši	ōl+mi-šši
ḫuiššeni	ḫo+i+šše-ne
titta	titti-a
kulōmma	kul-ō-m=ma
kummi	kumme
kamallenna	kamali-ne-nna
uġni	oġ+ni
kūdaīž	kud-i-aī-ž
itkundaššinamma	itk-u-nd-a-šše-na=mma
kažalla	kažali-na
aigalduba	aigaldu-va
pišḫi	pišḫi
nakkima	nakk-i=ma
kulmu	kulm-u
iraden	ir-ad-i-en
sassinīe	sassi-ne-ē
ižammēni	iža+mme-ne
ḫōenie	ḫōe-nē-va
šaburna	šabur+ni-a
ḫāžažib	ḫaž-až-i-b
fārie	fār-i-e
telippa	tel-i-b=ma
iškinna	iški-i-nna
ḫapsuri	ḫapsori
ade	ad-e
elmēġi	elm+ē+ġe
nūdu	nūd-u
tamrian	tamri-i-a=an
pullibāe	poli-ne-ve-āe
itkužellandin	itk-ož-ill-and-i=n
mužuniba	mužuni-va
karžib	karži-b
agumaīm	ag-u+m+aī=m
azallin	azali-ne-e=n
tapti	tapti
kiaži	kiaže
ōllini	ōlli-ne-e
ōššunila	ōšš+o+ni-i=lla
fōrālīzie	fōr+all+i+n+ze
ēdu	ed-o
šadōži	šad-ōž-i
annivi	ani-ne-ve
egi	eg-i
kūdu	kud-o
uwal	uw-a=l
idebuž	ide-b-ož
ubūža	ub-ōž-a
ḫōni	ḫōuni
paššarugāra	pašš+ar+ugār+i-a
numribi	numri-ve
tarže	tarže
itka	itk-a
alummini	al-umme-ne-e
šavožiniva	šav+ō+že-ne-va
taġavure	taġav+o+re-ne
ōššunila	ōšš-un-il-a
ḫanumbasḫi	ḫan+u+mb+a+sḫe
aguma	ag-o=ma
šarrināže	šarri-na-āž-e
pāinnia	paini-ne-va
ašḫužikkunniba	āšḫ+ož+i+kk+o+nni-va
ura	ur-a
itkuštum	itk-ušt-o-m
šūbīniva	šubi-ne-va
tapšab	tapš-a-b
šindai	šindai
ḫōdena	ḫōde-na
eškarri	ešk+ar+i-ne
šeġurnibāe	šeġor+ni-ve-āe
ḫanumbasḫida	ḫan+u+mb+a+sḫe-i-da
kōmura	kōm-ur-a
tāġiba	tāġe-va
tumniam	tomni-i-a=m
kulziž	kulzi-ž
kippinež	kippi-ne-ž
težuġarġināži	tež+uġ+ar+ġe-na-āž-e
šōrra	šōrr-a
aġrušḫini	aġr+o+šḫe-ne
sūldu	sūl-id-o
ārdivošša	arde-iffo-š=nna
šūrnīma	šūrnī=ma
ežena	eže-na
āštīva	āšte-ī-va
tadida	tadi-i-da
nēlli	nēli-ne
agūlla	ag-ō=lla
īama	īa=ma
ammatti	ammatte
ištuma	išt-umme-a
kiptaneda	kip-t-an-ed-a
šīġāi	šēġ-i-āi
tažmižarrida	tažmi.šarri-da
kapša	kapš-a
ašḫaštaġe	ašḫ+ašt+a+ḫḫe
šiwullēm	šīūli-nē=m
kādūlāīn	kad-ōl-i-āī-n
ḫenzādu	ḫenz+ād-u
pāġida	pāġ-ed-a
egōššōla	eg+ušš-ōl-a
abarim	ab+ar+i=m
āġaštetta	aʾ-ašt-i=tta
šendiššēni	šindi+ššē-ne-e
pailianež	pa+ilia-ne-ž
ḫōbra	ḫōbri-a
āmba	āmbi-a
ižinež	iži-ne-ž
uīrrivenāža	uwīri-ne-ve-na-āž-a
abalġad	abal+ġe-a=d
ḫežāla	ḫež+āl-a
šavālla	šavli-na
umban	umba=n
šōġunnaži	šōġoni-na-až-e
ḫōbrib	ḫōbri-b
nōvān	nōvi-ā=n
tarmanni	tarm+a+ni-ne
kappilivaž	kapp-i-l-eva-ž
āšḫun	ašḫo-n
tiba	tib-a
kōlež	kol-i-ež
turžē	turžē
ānzamma	anzi-a=mma
fōrālīnie	fōrālī-nē
ḫapšārūwa	ḫapš-ār-ūw-a
armuž	arm-o-ež
ašḫuidan	ašḫo-i-dan
nūwarrīvan	nūv+ar+i-nē-va=n
šēġa	šēġa
naīanie	naīa-ne-ve
šōe	šōe
ažōġini	až+oġe-ne-e
ḫāž	ḫa-ā
tumnadinella	tomn+adi-ne=lla
mānnōbur	mānn-ō-bor
kādūlāīn	kad-ōl-i-āī=n
pulidibāe	pul+idi-ve-āe
ḫīdam	ḫīdam
ibini	ibi-ne-e
mardamanni	mardam+a+nni
nāžarni	nāž+ar+ni
pāru	pār-u
pārendūž	pār-ind-ō-ež
ḫōrvini	ḫōrvi-ne
šīenella	šīe-ne=lla
kivērāšta	kevri-na-āš-ta
ūlminibi	ūl+me-ne-ve
kirarnež	kir+ari+ni-ž
ōmmennivā	omini-ne-vā
āġridal	aġri-i-da=l
sāllava	sāllavi-a
piġīe	piġi-ī-e
sanzāmi	sanzāmi
talmōġa	talm-ōġ-a
pudūlimaššinaža	fud+ol+i+m+a+šše-na-až-a
ḫōruššia	ḫōrušši-a
tālāl	tal-ā=lla
enitḫarra	en+i+tḫ+ar+i-na
ḫeldāralla	ḫild-ār-a=lla
ḫamarraža	ḫam+ar+i-na-až-a
immarvaġināže	immarvaġe-na-āž-e
alumāi	alu-m+āi
pāinniž	paini-ne-ž
agab	ag-a-b
ḫīžāri	ḫīž-ār-i
ḫāōppul	ḫa-ōffu=l
pārirunni	pār+i+r+o+nni
pa	murbi-a
ummana	ummani-a
kibirāžan	kevri-na-āž-a=n
ummandu	umm-an-id-o
ḫāžerāe	ḫāžeri-āe
igida	egi-da
alumāin	alu-m+āi-n
ēlmina	elmi-na
avarri	avari-ne-e
fōriffān	fōri-f-fā=n
sugmuštab	sugm-ušt-a-b
nabarbinie	nabarbi-ne-ē
tāgiži	tāge+že
pōššib	pōšši-b
pagammuž	pag-amm-o-ež
tarallibi	tarali-ne-ve
taržuwannida	taržuwa+ni-ne-da
andi	andi
ḫiara	ḫi+ar+i-a
aštuḫḫināža	ašt+o+ḫḫe-na-āž-a
teššuġāi	tešš+o+ġe-āi
nūdu	nūd-o
pīarida	pīari-da
teea	tē-i-a
uženi	uže-ne-e
allīġa	all-īġ-a
šurbigina	šurbigi-na
ēlmirġi	elm+ir+ġe
puttiġiž	put+t+i+ġe-ž
ukku	ukku
užōna	už-ōn-a
ummallidašše	umm-all-ed-a-šše
kadiōššina	kad-i-ō-šše-na
ubilbaeži	ubilbaeži
šērižu	šērižu
āštagādab	aštaga-da=m
fēžuda	fē-ž-uda
kēški	keški
lablaḫḫini	labla+ḫḫe-ne
kešḫidan	kešḫi-dan
iškidu	išk-id-o
tōġadumanni	tōġ+ad+om+a+ni-ne
ḫāžīdūl	ḫaž-īd-ō=l
pāġīda	pāġi-ī-da
ḫavorunniva	ḫavor+ni-ne-ve-a
pāġilāena	pāġilāe-na
tillada	tilladi-a
šatti	šatti
ula	oli-a
ažugallēni	ažugallē-ne-e
ērġima	erġi=ma
šōraššella	šōr-a-šše=lla
eliškaella	eliški-ae=lla
šūrūži	šūr-ōž-i
azallaenen	azallae-ne-n
tanna	tāni-na
šīenāža	šīe-na-āž-a
nave	nave
kērēni	kēri-ie-ne
piga	pigi-a
šindāi	šindāi
urunniaž	or+o+nni-ia-ne
ḫāžarridal	ḫāž+arr+i-da=l
šīnzi	šin+ze
puglāla	pugl-āl-a
sālī	sālī
nabarbinie	nabarbi-nē
pōšši	pōšši
ḫežminiž	ḫižmi-ne-ž
idia	id-i-a
idi	id-i
šavadnimma	šavad+ni=mma
šuškib	šušk-i-b
forili	for-i-le
uenaval	uenawa-ž=l
šeġōrnida	šeġor+ni-da
uštedia	uštedi-i-a
kullāe	kul-i-l-āe
sitkab	sitk-a-b
mānnuwalli	mānnuwali-ne
pāžia	pāži-i-a
ḫelōva	ḫelōvi-a
pāžannel	pāž+a+nni-ž=l
unušḫuž	un+o+šḫe-ož
ḫāum	ḫa-o-m
mānattan	mānn-a=tta=an
naw-unnež	nau+ni-ne-ž
nilōž	nil-ō-ež
ḫerāri	ḫer+ār+i
ḫārāpḫāi	ḫār+a+ġe-ve-āi
tāġiba	tāġe-i-va
pendōn	pend-ō=n
pāttīvorriva	pāttīvori-ne-va
tīvollan	tīv-oll-a=an
tuiba	tui-va
ūššīd	ōšš-ī=d
eže	eže
foruššuenim	for-ušš-o-en-i=m
sīgila	sīgili-a
sablōža	sabl-ōž-a
uwom	ub-o-m
ūrmi	ūrmi
salma	salmi-a
kiaženidan	kiaže-ne-da=an
ebrež	evri-ž
tarmanna	tarm+a+ni-na
teġiaža	tēġi-i-až-a
šerženi	šer+že-ne-e
avar	avari
uminna	omini-na
šukkuttattam	šukk+utt-a=tta=m
kalūwa	kal-ūw-a
mādillilla	mādili-ne-ž=lla
alūmāin	al-ū+m+āi-n
passā	passi-ā
tāduġebābi	tādo.ḫebā-ve
ivā	ivi-ā
ḫārēni	ḫāri-ie-ne
umin	omini-ne-e
egušši	eg+o+šše
teḫpa	teḫpi-a
karinež	kare-ne-ž
šēra	šēr-a
tapšaġuḫḫa	tapš+aġ+o+ḫḫe-a
idnida	id+ni-i-da
edukku	ed-o-kko
fa	ḫar-va
tūnimmuššuḫḫa	tūn+imm+o+šš+oḫḫe-a
šērini	šēri-ne-e
nēlaban	nēla-b-a=n
ḫāžimmie	ḫāži+mmi-ie
šukku	šokko
aldāi	al-d-i-āi
mādai	mādi-ai
kāla	kāli-a
ḫassizi	ḫassizi
itkuštum	itk-ušt-o=m
šarraššinin	šarr+a+šše-ne=n
šīenella	šīe-ne-e=lla
kumminivož	kumme-ne-ve-ož
ažōla	až-ōl-a
pellēni	pille-ne-e
agāve	aga-ve
udepšarrāl	udip.šarra-ž=l
fa	ḫarvi-a
eššaeni	eššae-ne-e
kadānu	kad-ān-o
aluwīb	alu-ī-b
abalġi	abal+ġe
aškili	ašk-i-le
allāni	alla+ni
pagīnīnel	pag+ī+nnī-ne-e=l
aguma	ag-o-m=ma
ulli	oli-ne-e
ḫāpšī	ḫapš-i
tīb	tīe-b
teffe	tei-iffe
fāžanni	fāžani-ne-e
pāinnia	pā+i+nni-i-a
padni	padn-i
šumminnam	šummi-n=nna=m
tāġanna	tāġani-na
kilānež	kil+ān-i-ež
ḫiaruḫḫa	ḫiar+o+ḫḫe-a
šialīenež	šialīe-ne-ž
egennin	egi-ne-e=n
sālī	sāli-ī
tidiam	tidi-i-a=m
šiwullēm	šī-ūl-i-lē=m
tebāi	tive-āi
irdi	irde-i
ḫōšti	ḫōšt-i
engidal	engida-ž=l
alumāīn	al-u+m+āī-n
teġulli	teġ+ol+i-ne
agulūwa	ag-ol-ūw-a
pāġūma	pāġ-ū=ma
ēnzarra	en+zari-na
ēšḫi	ēšḫi
ūžamma	uw+o+že-a=mma
ārrivaž	ar-i-l-eva-ž
pāžannel	fāžani-ne-ž=l
piduffa	pid+uff-a
abinie	abi-nē
fōrunziġi	fōrunz+i+ġe
azallin	az-al-i-le=n
kaškan	kaška=an
šuri	šumuri-ne-e
alipši	al+ipš+i
kubāġinel	kubāġi-ne=l
tārri	tāri-ne
tāduġeban	tādo.ḫeba=n
anaštikki	an-ašt-i-kki
fārie	fāri-i-e
tagima	tagi=ma
šilaluġinida	šilaluġi-ne-da
naḫḫubaduššā	naḫḫ+o+bade-oš=nna
kapšuġāma	kapš+o+ġe-ā=ma
ebirni	ever+ni
ni	murni
eguššāe	eg+o+šše-āe
alda	ald-a
piduġu	pīd-uġ-o
ḫōdanna	ḫōd+a+nni-a
kēlġēdeni	kēlġēdi-ne
ḫōrvini	ḫōrvi-ne-e
širadili	šir+ad-i-le
tāġi	tāġ-i
nāli	nāl-i
alulū	al-ol-ū
tazakkaštura	tazakkašturi-a
tunuštu	ton-ošt-o
ižuġna	ižuġ+ni-a
tevena	tive-na
ēblava	ēbla-va
aiuda	aiu-da
šiummeni	šī-umme-ne-e
nēbāži	nēb+ā+že
itkulēž	itk-o-l-ēž
šianeda	šīe-ne-da
šilumōtḫeb	šil+um+ō+tḫ-i-b
avena	ave-na
nirġudib	nirġ-ud-i-b
imbaluridal	imbaluri-da=l
šaržarappan	šarž-ar-a-b=man
nēbāža	nēb+ā+že-a
alaluž	alalu-ž
inutta	inu=tta
fandarinināma	fand+ar+i+nni-nā=ma
kešḫi	kešḫi
tavūdum	tav-ūd-o-m
šeġalulaēž	šeġal-o-l-aē-ž
mandukkaella	mandukki-ae=lla
nūrbiniž	nūrbi-ne-ž
šerġuž	šer+ġe-ož
kēlġēdeni	kēlġēdi-ne-e
pendu	pen-id-o
išḫara	išḫara
irġāri	irġāri
šōduštiēž	šōd-ošt-ī-ēž
kāde	kāde
šidilāi	šid-i-l-āi
išteniffāmma	išteni-f-fe=mma
aninie	ane-ne-e
kulužašši	mal-ož-a-šše
ammužikkunne	amm+ož+ikk+o+nni
ḫārrēma	ḫāri-nē=ma
uža	uži-a
šōrra	šōri-na
šarri	šāri-ne-e
itkalzibinažadel	itkal+zi-ve-na-až-a=dil
šōruž	šōri-ož
ḫōžellandin	ḫōž-ill-and-i-n
ubiptēššel	ubip.tēšši-ž=l
umbōž	umbi-ōž
tāri	tāri
fenda	pend-a
iži	iži
ōštu	ošt-u
agabēnāža	aga-vē-na-āž-a
tōmva	tōmv-a
puššinni	pošš+i+nni
āġridal	aġri-da=l
āšḫōmainibinidal	āšḫ+ō+m+ai-ne-ve-ne-da=l
ḫavōrunniba	ḫavor+ni-ne-va
kumarvenella	kumarve-ne-ž=lla
ilāvān	ilāvā=ān
šīel	šī-i=l
naḫḫōža	naḫḫ-ōž-a
azalda	az+al+di-a
pāġiba	pāġi-i-va
kēnnādal	kēnn-ād-a=l
amarikkuwanin	amarikkuwa-ne-n
nakti	nakti
kadulli	kad-ol-i-le
šūwarudanam	šūwarudi-a=n=am
tulbulimaža	tulbuli+m+a+že-a
tižab	tiža-b
tīdida	tīdi-i-da
adaniašta	ad+ā+ni-i-aš-ta
ižāvena	iža-ve-ne-a
naīanie	naīa-nē
azalda	az-al-d-a
tīvenniva	tive-ne-va
uwāl	uwi-ā=l
pāštōm	pā-ašt-ō-m
idnida	id+ni-da
šiġalam	šeġal-a=m
teġulli	teġ-ol-i-le
kōmura	kōmuri-a
ara	aġuri-na
ašḫuwe	āšḫo+e
pudulimašši	fud+ol+i+m+a+šše
ḫōžīw	ḫōž-ī-o
ažōġiž	ažōġi-ž
ašḫunilla	ašḫo-ne=lla
aġrāid	aġrā-i=d
iži	iž-i
šīnunaġi	šīnunaġi
amissaduž	amissadu-ž
āllānni	āllāni-ne-e
ižammi	iža+mme
ūžia	uw+o+že-i-a
purrābi	purra-ve
ḫōlliaž	ḫōlli-i-až
šarrinež	šarri-ne-ž
allāi	alla+i
naġmazulel	naġmazuli-ž=l
fondurunnenna	fondur+o+nni=nna
taġāži	taġ+ā+že
šindāib	šindāi=b
šēġala	šēġal-a
nīnubapḫi	ninuwa-ḫe-ve
sōbinēra	sōbi-nē-ra
kuruppa	kuruppi-a
niviriffi	niviri-f-fe
taptani	tapt+a+ni
kaganidama	kaġ+a+ni-da=ma
ḫāib	ḫa-i-b
urel	uri-i=l
kikkunimma	kikk+o+ni=mma
kadib	kad-i-b
aēššam	ave-š=nna=m
ḫōbidōda	ḫōbidōdi-a
taržuwanzi	taržuwa+n+zi
sibi	sibi
anamma	anammi-a
aw-fa	auwi-a
šeġalama	šeġali-a=ma
ḫāžarrie	ḫāž+ar+i-nē-ž
nēlaban	nēl-a-b=an
irveniž	ervi-ne-ž
nūwarrīvan	nūv+ar+i-nē-va=an
āmmōm	amm-ō-m
pēdāri	ped+ar+i
evarip⸢fa?⸣an	evari-iffe-a=n
ileška	ileški-a
sigalduži	sig+al-d-ož-i
šūžiž	šūži-i-ž
puranzipḫināža	puranziḫ-ve-na-āž-a
tummininna	tummi-ne-nna
tāw-umballa	tā-ūmb-a=lla
šāra	šār-a
fōrālīnie	fōrāli-ī-nē
kiġenež	kiḫḫe-ne-ž
ažaštilib	až-ašt-il-i-b
kakkara	kakkari-a
ḫāibād	ḫa-i-b-ā=d
paġruž	faġr-o-ež
eguššulāi	eg+ušš-o-l-āi
šēža	šēž-a
tāli	tāle
manza	man-z-a
amōdum	am-ōd-o-m
ururmilīaž	orurmili-ī-až
attai	atta+i
šeštuġalzini	šeštuġ+al+zi-ne-e
nēlla	nēli-na
ērbi	ervi
sēze	sēze
šāġlēž	šāġli-iē-ž
talmu	talm-o
anamma	anam=ma
ḫaštalli	ḫašt+al+i-ne
šīġāi	šīġi-āi
ōšši	ōšši
ḫāšši	ḫa-ā-šše
adal	adāl
aima	ai=ma
kužapḫi	kužuġ-fe
nuburna	nubur+ni-a
nūwarrīvān	nūv+ar+i-nē-va=ān
šialužum	šial-ož-o-m
pindu	pend-uw-a
uurġāb	ūrġi-ā=v
enāe	eni-āe
puramdi	purandi
šenda	šindi-a
šebāra	šeb+ār+i-a
sablašši	sabl+a+šše
ḫuštenāža	ḫušte-na-āž-a
ḫalzinibi	ḫalze-ne-ve
ažurež	až+ō+re-ž
šinzamma	šin+ze-a=mma
težāe	teži-āe
ḫōdenažuž	ḫōde-na-až-ož
šimigi	šimige
tadugarāe	tad+ugar+i-āe
tarria	tarri-i-a
mērež	mēri-i-ž
kiraššulaēž	kir+ašš-o-l-aē-ž
ḫinimma	ḫenni=mma
enež	eni-ž
paġli	paġ+li
aġāštedab	aʾ-āšt-ed-aw
ōštannōġa	ōšt+ann-ōġ-a
keššenīel	kešše-nē-ž=l
āšta	āšte-a
arulli	aruli-ne
ḫāri	ḫār-i
nivōžellandin	niv-ōž-ill-and-i=n
aziri	aziri
šiġalam	šeġali-a=m
talmaštīli	talm-ašt-ī-le
ḫōžia	ḫōž-i-a
šallaenen	šallae-ne-n
abarri	ab+ar+i-ne
pāra	pār-a
šellida	šelli-i-da
šeġalulāešša	šeġal-o-l-āe-š=nna
ara	aġri-a
ḫāḫḫiniž	ḫāḫḫi-ne-ž
kažluž	kažli-ož
maġitti	maġitti
fondurunnenna	fondur+o+nni-nna
evarip⸢fa?⸣an	evari-f-fa=an
šaderida	šaderi-da
ḫāruwi	ḫāru+i
talamdib	talam+di-b
ḫažimma	ḫaž-i+mm+a(i)
sāzalla	sāzalla
ažaštilib	až-ašt-i-le=m
nerubādi	ner+o+bāde
kibulaēšša	kev-o-l-aē-š=nna
pabanniž	paba+ni-ne-ž
sigalduži	sigald+o+že
mazanuri	mazanuri
nerēda	neri-ie-da
ašḫaštaġe	ašḫ+ašt+aʾe
enudōbin	en+ud+ōbi-n
kumži	kumuḫši
ḫirinnel	ḫiri+ni-ne=l
fēnāna	fēn+ā+ni-a
šidarna	šid+ar+ni-a
naḫḫa	naḫḫ-a
nubin	nubi-n
tālinēda	tāle-nē-da
arulli	aruli-ne-e
uriba	uri-b-a
kundi	kund-i
šeġellibina	šeġli-ne-ve-na
tēama	tē-i-a=ma
šēġalum	šeġal-o-m
katkini	kat+ki-ne
pandari	pand+ar+i
urunni	or+o+nni
ellaža	ell+a+že-a
mādi	mādi
neššēna	nešši-na
timerrē	timeri-ne-ē
nīvāži	nīv+ā+že
tidiāb	tidi-i-ā=m
ḫilli	ḫill-i
tullibina	tuli-ne-ve-na
nerēda	nera-iē-da
āštenna	āšte-i-nna
ōlluġum	oll+uġ-o-m
egušši	eg+ušš-i
sōpḫōra	sōpḫōri-a
ḫellibādi	ḫill-i-bāde
šēġaludiž	šeġal-ud-i-ež
purallinninažal	for+all+i+nni-na-až-a=l
ažmunigalōn	ažmo.nigalō=n
uria	ure-a
šarra	šarr-a
šuri	šuġori-ne-e
immarrida	immari-ne-da
pulliž	puli-ne-ž
ibradnanna	ibr+ad+ni-a=nna
fēḫḫēda	fēḫḫ-ēd-a
attaida	atta+i-da
ḫanubasḫi	ḫan+u+b+a+sḫe
ḫuruššibināža	ḫur+o+šše-ve-na-āž-a
nabnīda	nabni-ī-da
ḫuenivan	ḫue+ni-i-va=an
šerže	šer+že
murrina	morri-na
enarġalla	en+ar+ġe-a=lla
pīarida	pīar-id-a
umbu	umbu
sōrōžu	sōr-ōž-o
idiaž	idi-i-až
laġlaḫḫinida	laġlaḫḫi-ne-da
fudarinalla	fud+ar+i+nni-a=lla
pindilivaž	pend-i-l-eva-ž
aštenna	āšte=nna
allannida	āllāni-ne-da
šōrin	šōri=n
īani	īani
nikkalul	nikkal=l
ubugarženi	ub+ugar+že-ne
tammaderra	tammaderi-na
naḫḫab	naḫḫ-a-b
kummini	kumme-ne
ibi	ibi
šablāe	šavli-āe
šagarriž	šag+ar+i-ne-ž
šendiššēni	šindi+ššē-ne
tumniaža	tomni-i-až-a
tuffaēšḫema	tuffaē+šḫe=ma
sassinīe	sassi+ni-īe
ḫāžarinna	ḫāž+ar+i-i-nna
tōġadumanni	tōġ+ad+om+a+ni-ne-e
šarraššinin	šarr+a+šše-ne-e=n
ašteniva	āšte-ne-va
futkiž	fut+ki-ž
tažmišfa	tažmiž-fa
šeēnāžuž	šīe-na-āž-ož
murrīe	murri-ī-e
šīm	šī-ī=m
šōda	šo-da
kirġe	kirġe
sāzulilida	sāz-ol-il-ed-a
šāvōe	šāvō+e
alulbi	alulbi
alummai	al-u+m+ai
fēnāna	fēn-ān-a
šūrūži	šūrūže
šōra	šōr-a
nēlaban	nēla-b=an
adaššībi	ad+a+šše-ve
ḫamarraža	ḫamri-na-až-a
šāvalam	šāv-al-a=m
ḫillēdi	ḫill-ēd-i
ittūbin	itt-ō-va-en
allīġa	all+ī+ġe-a
itkōla	itk-ōl-a
ḫalban	ḫalba=an
igiažāma	egi-i-až-ā=ma
šaržarappan	šaržari-a=ffa=an
ālūšti	alu-ūšt-i
pāġida	pāġi-da
tōġadumanni	tōġ+ad+om+a+nni
irdib	irdi-b
fāžanni	fāžani-ne
pudulināi	fud+ol+i+ni-āi
taduġeban	tado.ḫeba=n
pāžiba	fāži-va
sugazūganišša	suga+zūga+ni+šše-a
pātte	patte
šūrnīma	šūrni-ī=ma
kutteni	kutte-ne-e
kulumbi	kulumbi-i
kīgiāža	kīge-i-āž-a
itipa	idi-i-va
ubugarženi	ub+ugar+že-ne-e
katkināžuž	kat+ki-na-āž-ož
manzōž	manu-ž-ōž
malladael	mall+ade-ae=l
šēra	šēri-a
sīgila	sīg-il-a
fariž	faġri-ne-ž
tarriž	tāri-ne-ž
fudōža	fud+ō+že-a
kādukku	kad-o-kko
pāššitḫād	pāšš+i+tḫe=d
pašipa	pāži-va
arire	ar+i+re
pāenippa	pāeni-b=ma
tunuwarriž	tunuwari-ne-ž
ḫenzā	ḫenz-ā
ḫaššiadināža	ḫaššiadi-na-āž-a
ḫižmini	ḫižmi-ne-e
ḫēri	ḫēr-i
amudōbadi	am+ud-ō-bade
alālae	alāli-ae
tavaštub	tav-ašt-o-m
šōniba	šō+ni-i-va
ḫumaruġinan	ḫōm+ar+o+ḫḫe-na=an
ḫāžuža	ḫāž-ož-a
itkaišša	itk-i-ai-š=nna
selmi	selmi
ilamdōġi	ilamd+ō+ġe
ulluġužibāi	oll+uġ+o+že-ve-āi
šinubini	šinubi-ne-e
tarria	tāri-ne-va
aldāi	aldi-āi
aru	ar-o
āššōlāež	āšš-ō-l-āe-ž
šēri	šēri
avalġa	av+al+ġe-a
ažarbaššina	až+arb+a+šše-na
fōriffān	fōri-f-fa=ān
mužunni	mužunni
abima	ave=ma
fāžīva	fāži-ī-va
naveda	nav-ed-a
ārrida	āri-ne-da
šaržarappan	šarž-ar-a=ffa=an
tēadin	tēi+ade=n
šukkanni	šokk+a+ni-ne-e
agi	agi
šukkuttatta	šukk+utti-a=tta
ittūbin	ittūbi-n
tīvā	tive-ā
ḫalminibi	ḫal+mi-ne-ve
šēġan	šēġa-n
pišḫi	pišḫ-i
tālāl	tale-ā=l
šarrinibi	šarri-ne-ve
šāli	šāl-i
ibim	ibi=m
kišḫinin	kešḫi-ne-n
idilānni	id-i-l-ānni
tunivadai	tūn-i-vade-ai
simidada	simid+ade-a
tālamdub	talm-d-o-m
pāžidu	faž-id-o
tūdiguž	tūdi+gi-ož
magaldiniba	magaldi-ne-va
šelluġlupšenie	šell+o+ġ+l+o+pše-ne-ve
šukkunna	šokko=nna
āġrāilī	aġrā-i-lē
šia	šīe
sulgi	sul+gi
umin	omini-ne
šēndeššini	šēnde+šše-ne
tapteni	tapti-ne-e
aguma	ag-u+ma+i
sigrōšḫinenna	sigr+ō+šḫe-ne-e=nna
šāġlēž	šāġlē-ž
ḫanniž	ḫanni-ž
nammallāža	namli-na-āž-a
itkurinella	itk+o+re-ne-ž=lla
fōrālīnie	for+all+ī+nni-i-ē
alumāin	al-u+m+āi-n
ḫāllāi	ḫāl-i-l-āi
tuwarnibinida	tuw+ar+ni-ve-ne-da
težuġāi	tež+o+ġe-āi
pēġulaballa	pēġ-ol-a-b-a=lla
šarri	šāri-ne
teai	tive-ai
agib	ag-i-b
itkalzinibinež	itkal+zi-ne-ve-ne-ž
anaulēž	ana-o-l-ēž
ḫebapta	ḫebad-fa
šummōnni	šummōnni
forēdi	for-ēd-i
tōrala	pittōri-a=lla
annivi	annivi
māli	mali
paši	pāži
agōž	ago-ž
pēdaruž	ped+ar+i-ož
ḫavārri	ḫav+ār+i-ne
šūri	šūr-i
ēlgi	ēlgi
pižāišpānel	pižāiš.pā-ne=l
aluma	alu-m+ai
ḫōpten	ḫōpte=n
ananareškinibāe	an+an+ar+i+ški-ni-ve-āe
naḫḫōtḫida	naḫḫ+ō+tḫe-i-da
keldinibāe	kel+di-ne-ve-āe
azāštum	az-āšt-o-m
kadulen	kad-ol-i-en
talmōvab	talmōv-a-b
pagammuž	pag+a+mme-ož
tā+na	tān-a
avāštum	av-āšt-o-m
ammurami	ammurami
ḫažimāi	ḫaž-i+m+āi
šēni	šīe-ne
elabae	elabi-ae
nōvān	nōvi-a=ān
šarriniba	šarri-ne-va
šāttīdu	šātt-īd-o
ari	ari
išḫarada	išḫara-da
erade	erade
naḫḫilāi	naḫḫ-i-l-āi
kamveda	kamv-i-d-a
ḫōrraža	ḫōri-na-až-a
aldāi	ald-i-āi
šūrōm	šūr-ō-m
šūwarudanam	šūw-ar-u-d-a=n=am
šibā	šib-ā
itkalzāe	itkal+zi-āe
pidia	pid-i-a
sakkandi	sakkandi
pērġēna	pērġēna
ḫanniž	ḫani-ne-ž
amulūdōm	am-ol-ūd-ō-m
neri	neri
iža	iž-a
šōra	šōri-a
šīġāttāma	šīġ+ātti-ā=ma
šeġalužellandin	šeġal-ož-ill-and-i=n
idīda	ide-ī-da
māri	mar-i
turbōri	turb+ō+re
fažūlima	faž+ūli=ma
kīrenzamma	kire+n+ze-a=mma
pāžiba	fāži-i-va
ideda	ide-da
talaḫḫōm	tal-aḫḫ-ō-m
ḫāiden	ḫa-id-en
šiwummini	ši-umme-ne-e
šiglademma	šigl+ade=mma
kirarinni	kir+ari+ni-ne
ḫōžurraža	ḫōžuri-na-až-a
kadi	kad-i
laġlaḫḫini	laġlaḫḫi-ne-e
nakti	nak-t-i
īštennān	ište=nna=ān
mirulavāl	mir+ul+avi-ā=l
ḫēaraštēda	ḫē-ar-ašt-ēd-a
tatḫinibi	tatḫi-ne-ve
taġinež	tāġe-ne-ž
titta	tid-id-a
tažummi	taž-umme
tīva	tīe-va
egina	egi-na
kaganidama	kaġ+a+ni-i-da=ma
šabluž	šavli-ož
ūrġi	ūrġi
ālva	ālvi-a
miluladilāe	mil-ol-ad-i-l-āe
šōnib	šō+ni-b
mūžib	mūž-i-b
itipa	idi-va
āġrāi	āġri-āi
ueni	uwi-ne-e
kablāi	kabl-i-āi
adāllēlla	adāl-nē=lla
kīli	ke-ī-le
šuwannāža	šuw+a+ni-na-āž-a
ažužellandin	až+ož-ill-and-i=n
sibariba	sib+ar+i-i-va
šabla	šavli-a
kalbuġēda	kalb-uġ-ēd-a
sōīb	sō-ī-b
nāva	nav-a
ižīmāin	iž-ī+m+āi=n
taržuwanniba	taržuwa+ni-ne-va
ūmmēġa	umm-ēġ-a
tunivadai	ton-i-vade-ai
telīppa	tel-ī-b=ma
agi	ag-i
aruwallāena	aruwallāe-na
aġarri	aġari-ne
kāvāl	kāvi-ā=l
šēni	šena-i
nakkiōffuž	nakk-i-ōffu-ž
tāġe	tāġe
pudulināi	fud-ul-in-i-āi
teġida	teġ-ed-a
šaržāraima	šaržārai=ma
iža	iži-a
ḫelāma	ḫeli-ā=ma
nabarbinida	nabarbi-ne-da
mātta	mād-t-a
kērāži	kēr+ā+že
arulāuž	ar-ol-āw-ž
ažānēdāw	až-ān-ēd-āw
kurgōrveašša	kurgōrvi-i-aš=nna
ūmbiža	umb-iž-a
ižaž	iž-až
ežābēma	iža-vē=ma
ḫideneve	ḫide-ne-ve
pāġōža	pāġ-ōž-a
tūnāḫḫi	tūn-āḫḫ-i
inuma	inu=ma
tīda	tīd-a
šeġella	šeġli-a
tēadin	tēi+ade-n
uššōm	ōšš-ō-m
pāžinida	pāži-ne-da
naḫḫubaduž	naḫḫ+o+bade-ož
ūlmib	ūl+me-b
kikkuġēda	kikk-uġ-ēd-a
šēġalumalla	šeġal-umme-a=lla
nīġriažīel	nīġr+i+a+že-ī=l
alumain	alu-m+ai-n
piga	pig-a
ušḫunež	ušḫu+ni-ž
ḫūduštum	ḫōd-ušt-o-m
eguššinažuž	eg+o+šše-na-āž-ož
kamveda	kamve-da
kibli	keb+li
pōranadeniba	pōranade-ne-va
